-- phpMyAdmin SQL Dump
-- version 5.0.4
-- https://www.phpmyadmin.net/
--
-- Host: 127.0.0.1
-- Generation Time: Jun 04, 2023 at 09:35 AM
-- Server version: 10.4.17-MariaDB
-- PHP Version: 7.3.26

SET SQL_MODE = "NO_AUTO_VALUE_ON_ZERO";
START TRANSACTION;
SET time_zone = "+00:00";


/*!40101 SET @OLD_CHARACTER_SET_CLIENT=@@CHARACTER_SET_CLIENT */;
/*!40101 SET @OLD_CHARACTER_SET_RESULTS=@@CHARACTER_SET_RESULTS */;
/*!40101 SET @OLD_COLLATION_CONNECTION=@@COLLATION_CONNECTION */;
/*!40101 SET NAMES utf8mb4 */;

--
-- Database: `coba`
--

-- --------------------------------------------------------

--
-- Table structure for table `rekapitulasi_transaksi`
--

CREATE TABLE `rekapitulasi_transaksi` (
  `id` int(11) NOT NULL,
  `tgl_transaksi` date NOT NULL,
  `biaya_dokter` int(50) NOT NULL,
  `biaya_obat` int(50) NOT NULL,
  `total_transaksi` int(50) NOT NULL,
  `no_rm` varchar(30) NOT NULL,
  `keterangan` varchar(200) NOT NULL
) ENGINE=InnoDB DEFAULT CHARSET=utf8mb4;

--
-- Dumping data for table `rekapitulasi_transaksi`
--

INSERT INTO `rekapitulasi_transaksi` (`id`, `tgl_transaksi`, `biaya_dokter`, `biaya_obat`, `total_transaksi`, `no_rm`, `keterangan`) VALUES
(1, '2022-09-06', 50000, 15500, 65500, 'ID-3511924695', 'Transaksi Pemeriksaan'),
(2, '2022-09-08', 50000, 13500, 63500, 'ID-5536922403', 'Transaksi Pemeriksaan'),
(4, '2022-09-20', 50000, 15500, 65500, 'ID-2711282031', 'Transaksi Pemeriksaan'),
(5, '2022-09-21', 50000, 26000, 76000, 'ID-4731504978', 'Transaksi Pemeriksaan'),
(6, '2022-09-21', 60000, 15500, 75500, 'ID-0402560222', 'Transaksi Pemeriksaan'),
(7, '2022-09-22', 60000, 8500, 68500, 'ID-8598369389', 'Transaksi Pemeriksaan'),
(8, '2022-09-22', 60000, 7000, 67000, 'ID-0303302807', 'Transaksi Pemeriksaan'),
(9, '2022-09-22', 60000, 12000, 72000, 'ID-8894236309', 'Transaksi Pemeriksaan'),
(10, '2022-09-30', 60000, 5000, 65000, 'ID-2351037144', 'Transaksi Pemeriksaan'),
(11, '2022-10-05', 60000, 8500, 68500, 'ID-0699613522', 'Transaksi Pemeriksaan'),
(12, '2022-10-09', 60000, 15500, 75500, 'ID-3701467566', 'Transaksi Pemeriksaan'),
(13, '2022-10-10', 60000, 20000, 80000, 'ID-8835065736', 'Transaksi Pemeriksaan'),
(14, '2022-10-11', 60000, 5000, 65000, 'ID-4372413324', 'Transaksi Pemeriksaan'),
(15, '2022-10-17', 60000, 12000, 72000, 'ID-8124780801', 'Transaksi Pemeriksaan'),
(16, '2022-10-18', 60000, 8500, 68500, 'ID-5593795976', 'Transaksi Pemeriksaan'),
(17, '2022-10-20', 60000, 5000, 65000, 'ID-9464369485', 'Transaksi Pemeriksaan'),
(18, '2022-11-14', 60000, 16500, 76500, 'ID-9599725721', 'Biaya Pemeriksaan'),
(19, '2022-11-19', 60000, 11500, 71500, 'ID-6017016677', 'Biaya Pemeriksaan'),
(21, '2022-11-21', 60000, 18500, 78500, 'ID-7475270244', 'Biaya Pemeriksaan'),
(22, '2022-12-01', 60000, 17000, 77000, 'ID-4881413072', 'Biaya Pemeriksaan'),
(23, '2023-03-13', 0, 0, 0, 'ID-6095888586', 'Biaya Pemeriksaan'),
(24, '2023-03-13', 60000, 19000, 79000, 'ID-0748870601', 'Biaya Pemeriksaan'),
(25, '2023-04-24', 60000, 3500, 63500, 'ID-7444942891', 'Biaya Pemeriksaan');

-- --------------------------------------------------------

--
-- Table structure for table `tb_antrian`
--

CREATE TABLE `tb_antrian` (
  `id` int(11) NOT NULL,
  `user_id` int(11) NOT NULL,
  `no_antrian` varchar(11) NOT NULL,
  `tanggal_kunjungan` date NOT NULL,
  `created_at` datetime NOT NULL,
  `status_antrian` varchar(50) NOT NULL
) ENGINE=InnoDB DEFAULT CHARSET=latin1;

--
-- Dumping data for table `tb_antrian`
--

INSERT INTO `tb_antrian` (`id`, `user_id`, `no_antrian`, `tanggal_kunjungan`, `created_at`, `status_antrian`) VALUES
(7, 1, '001', '2022-09-20', '2022-09-20 20:07:47', 'Sudah Datang'),
(8, 2, '002', '2022-09-20', '2022-09-20 20:09:31', 'Sudah Datang'),
(9, 2, '001', '2022-09-21', '2022-09-20 20:09:36', 'Tidak Datang'),
(10, 3, '003', '2022-09-20', '2022-09-20 20:40:40', 'Sudah Datang'),
(12, 3, '002', '2022-09-21', '2022-09-21 10:13:17', 'Sudah Datang'),
(13, 1, '003', '2022-09-21', '2022-09-21 11:08:40', 'Sudah Datang'),
(14, 2, '001', '2022-09-22', '2022-09-22 11:34:41', 'Tidak Datang'),
(15, 5, '001', '2022-09-26', '2022-09-26 09:04:38', 'Tidak Datang'),
(16, 1, '002', '2022-09-26', '2022-09-26 09:06:46', 'Dalam Antrian'),
(17, 3, '003', '2022-09-26', '2022-09-26 09:09:39', 'Sudah Datang'),
(18, 1, '001', '2022-09-28', '2022-09-28 15:18:22', 'Dalam Antrian'),
(19, 3, '001', '2022-09-29', '2022-09-29 23:32:13', 'Sudah Datang'),
(20, 5, '001', '2022-09-30', '2022-09-30 09:10:10', 'Tidak Datang'),
(21, 5, '001', '2022-10-01', '2022-09-30 13:20:23', 'Tidak Datang'),
(22, 1, '002', '2022-09-30', '2022-09-30 13:48:07', 'Dalam Antrian'),
(23, 2, '003', '2022-09-30', '2022-09-30 13:49:12', 'Tidak Datang'),
(24, 5, '001', '2022-10-02', '2022-10-02 11:46:19', 'Sudah Datang'),
(25, 2, '002', '2022-10-02', '2022-10-02 11:59:37', 'Tidak Datang'),
(26, 5, '001', '2022-10-05', '2022-10-05 14:48:34', 'Sudah Datang'),
(27, 1, '002', '2022-10-05', '2022-10-06 00:03:40', 'Dalam Antrian'),
(28, 4, '003', '2022-10-05', '2022-10-06 00:03:45', 'Dalam Antrian'),
(29, 2, '004', '2022-10-05', '2022-10-06 00:03:51', 'Dalam Antrian'),
(30, 1, '001', '2022-10-07', '2022-10-07 19:31:48', 'Sudah Datang'),
(31, 3, '002', '2022-10-07', '2022-10-07 19:31:55', 'Tidak Datang'),
(32, 4, '003', '2022-10-07', '2022-10-07 19:32:01', 'Dalam Antrian'),
(33, 2, '004', '2022-10-07', '2022-10-07 19:32:07', 'Dalam Antrian'),
(34, 1, '001', '2022-10-08', '2022-10-08 09:03:12', 'Sudah Datang'),
(35, 5, '002', '2022-10-08', '2022-10-08 22:14:28', 'Dalam Antrian'),
(37, 1, '001', '2022-10-10', '2022-10-10 21:19:09', 'Sudah Datang'),
(38, 3, '002', '2022-10-10', '2022-10-10 21:19:16', 'Sudah Datang'),
(39, 5, '003', '2022-10-10', '2022-10-10 21:19:27', 'Sudah Datang'),
(40, 7, '004', '2022-10-10', '2022-10-10 22:12:46', 'Sudah Datang'),
(41, 2, '001', '2022-10-11', '2022-10-11 09:32:41', 'Sudah Datang'),
(42, 4, '002', '2022-10-11', '2022-10-11 10:22:46', 'Sudah Datang'),
(43, 5, '003', '2022-10-11', '2022-10-11 10:27:22', 'Sudah Datang'),
(44, 5, '001', '2022-10-12', '2022-10-11 20:10:48', 'Dalam Antrian'),
(45, 5, '001', '2022-10-13', '2022-10-11 20:18:00', 'Dalam Antrian'),
(46, 8, '002', '2022-10-12', '2022-10-12 16:58:26', 'Dalam Antrian'),
(47, 4, '003', '2022-10-12', '2022-10-12 17:59:40', 'Dalam Antrian'),
(48, 1, '002', '2022-10-13', '2022-10-13 16:04:57', 'Dalam Antrian'),
(49, 8, '001', '2022-10-16', '2022-10-16 19:41:14', 'Tidak Datang'),
(50, 9, '002', '2022-10-16', '2022-10-17 02:09:49', 'Sudah Datang'),
(51, 1, '001', '2022-10-17', '2022-10-17 16:56:28', 'Dalam Antrian'),
(52, 4, '001', '2022-10-18', '2022-10-18 13:45:28', 'Sudah Datang'),
(53, 1, '001', '2022-10-20', '2022-10-20 10:44:24', 'Tidak Datang'),
(54, 6, '002', '2022-10-20', '2022-10-20 10:48:36', 'Tidak Datang'),
(55, 2, '003', '2022-10-20', '2022-10-20 22:55:53', 'Tidak Datang'),
(56, 5, '004', '2022-10-20', '2022-10-20 23:00:51', 'Tidak Datang'),
(57, 3, '005', '2022-10-20', '2022-10-20 23:02:07', 'Dalam Antrian'),
(58, 4, '006', '2022-10-20', '2022-10-20 23:05:09', 'Dalam Antrian'),
(59, 1, '001', '2022-10-21', '2022-10-21 10:10:47', 'Sudah Datang'),
(60, 3, '002', '2022-10-21', '2022-10-21 10:47:49', 'Sudah Datang'),
(61, 4, '001', '2022-11-03', '2022-11-03 15:22:55', 'Dalam Antrian'),
(62, 2, '001', '2022-11-09', '2022-11-09 09:37:20', 'Sudah Datang'),
(63, 3, '001', '2022-11-14', '2022-11-14 20:29:36', 'Dalam Antrian'),
(64, 4, '001', '2022-11-16', '2022-11-16 19:29:12', 'Dalam Antrian'),
(65, 7, '001', '2022-11-19', '2022-11-19 15:29:32', 'Sudah Datang'),
(66, 5, '001', '2022-12-01', '2022-12-01 16:28:07', 'Sudah Datang'),
(67, 4, '002', '2022-12-01', '2022-12-01 16:44:41', 'Tidak Datang'),
(68, 6, '003', '2022-12-01', '2022-12-01 16:48:33', 'Dalam Antrian'),
(69, 5, '001', '2022-12-08', '2022-12-02 09:16:25', 'Dalam Antrian'),
(70, 5, '001', '2022-12-02', '2022-12-02 14:43:30', 'Dalam Antrian'),
(71, 5, '001', '2022-12-12', '2022-12-12 23:27:04', 'Dalam Antrian'),
(72, 5, '001', '2022-12-19', '2022-12-19 22:22:46', 'Dalam Antrian'),
(73, 1, '002', '2022-12-19', '2022-12-19 22:23:41', 'Dalam Antrian'),
(74, 5, '001', '2023-03-14', '2023-03-13 09:31:34', 'Dalam Antrian'),
(75, 5, '001', '2023-03-13', '2023-03-13 09:45:37', 'Sudah Datang'),
(76, 1, '002', '2023-03-13', '2023-03-13 10:01:46', 'Sudah Datang');

-- --------------------------------------------------------

--
-- Table structure for table `tb_diagnosa`
--

CREATE TABLE `tb_diagnosa` (
  `id` int(50) NOT NULL,
  `kd_diagnosa` varchar(20) NOT NULL,
  `nm_diagnosa` varchar(100) NOT NULL
) ENGINE=InnoDB DEFAULT CHARSET=utf8mb4;

--
-- Dumping data for table `tb_diagnosa`
--

INSERT INTO `tb_diagnosa` (`id`, `kd_diagnosa`, `nm_diagnosa`) VALUES
(2, 'A 01', 'Demam Tifoid Dan Paratifoid'),
(3, 'A 03', 'Sigelosis'),
(5, 'A 09', 'Diare & Gastroenteritis Oleh Penyebab Infeksi Tertentu (Kolitis Infeksi)'),
(6, 'A 15.0', 'Tuberkulosis (Tb) Paru Bta (+) Dengan/ Tanpa Biakan Kuman Tb'),
(8, 'A 17.0', 'Meningitis Tuberkulosa'),
(10, 'A 18.0', 'Tuberkulosis Tulang Dan Sendi'),
(11, 'A 18.2', 'Limfadenitis Tuberkulosa'),
(12, 'A 19', 'Tuberkulosis Milier'),
(14, 'A 22', 'Anthraks'),
(15, 'A 23', 'Bruselosis'),
(16, 'A 30', 'Lepra/Kusta'),
(17, 'A 33', 'Tetanus Neonatorum'),
(18, 'A 34 - A 35', 'Tetanus Lainnya'),
(19, 'A 36', 'Difteria'),
(20, 'A 37', 'Pertusis/Batuk Rejan'),
(21, 'A 39', 'Infeksi Meningokok'),
(22, 'A 40 - A 41', 'Septisemia'),
(23, 'A 50', 'Sifilis Bawaan'),
(24, 'A 51', 'Sifilis Dini'),
(25, 'A 52 - A 53', 'Sifilis Lainnya'),
(26, 'A 54', 'Infeksi Gonokok???'),
(27, 'A 55 - A 56', 'Penyakit Klamidia Yg Ditularkan Melalui Hubungan Seksual'),
(28, 'A 57 - A 64', 'Infeksi Lainnya Yang Terutama Ditularkan Melalui Hubungan Seksual'),
(29, 'A 66', 'Patek (Frambusia)'),
(30, 'A 68', 'Demam Bolak Balik'),
(31, 'A 70', 'Infeksi Klamedia'),
(32, 'A 71', 'Trakoma'),
(33, 'A 75', 'Demam Tifus'),
(34, 'A 80', 'Poliomielitis Akut'),
(35, 'A 82', 'Rabies'),
(36, 'A 83 - 86', 'Ensefalitis Virus'),
(37, 'A 90', 'Demam Dengue'),
(38, 'A 91', 'Demam Berdarah Dengue'),
(39, 'A 92.0', 'Chikungunya'),
(40, 'A 92.1 - A 92', 'Demam Virus Tular Nyamuk'),
(41, 'A 95', 'Demam Kuning'),
(42, 'A??18.1, .3 - .8', 'Tuberkulosis Lainnya'),
(43, 'A00.9', 'Colera'),
(44, 'A01.0', 'Demam Tipoid'),
(45, 'A01.0', 'Thypoid Fefer /Abdominalis'),
(46, 'A02.0', 'Selmonikosis'),
(47, 'A03.9', 'Disentri Basiler'),
(48, 'A03.9', 'Shigeloss'),
(49, 'A05.9', 'Intake Makanan'),
(50, 'A06.0', 'Colitis Amooba'),
(51, 'A06.0', 'Disentri Amoeba'),
(52, 'A06.1', 'Lever Amebic Abses'),
(53, 'A06.9', 'Amebiasis'),
(54, 'A06.9', 'Ar'),
(55, 'A09', 'Colitis (Acut)'),
(56, 'A09', 'Dengue Fever'),
(57, 'A09', 'Diare Yang Ada Hasil Lab'),
(58, 'A09', 'Enteritis'),
(59, 'A09', 'Ge'),
(60, 'A14.9', 'Septic Syok'),
(61, 'A16,2', 'Kp Lama'),
(62, 'A16,9', 'Kp'),
(63, 'A16.2', 'Coll Abses'),
(64, 'A17.0?', 'Meningitis Tbc'),
(65, 'A18.4', 'Scrof Uloderma'),
(66, 'A30.9', 'Morbus Harsan Fieaksi'),
(67, 'A33', 'Tetanus Neunatrium'),
(68, 'A33', 'Tismus Bayi'),
(69, 'A35', 'Tetanus ( Cephalic)'),
(70, 'A36.9', 'Dipteria'),
(71, 'A37.9', 'Batuk Rejan ( Pertusis)'),
(72, 'A37.9', 'Pertusis'),
(73, 'A39.9', 'Infeksi Meninokok'),
(74, 'A41.9', 'Septicemia'),
(75, 'A41.9', 'Septikaimia'),
(76, 'A46', 'Erisipelas'),
(77, 'A49.9', 'Sbp ( Spontan Bacterial Peritonitis)'),
(78, 'A53.9', 'Sypilis'),
(79, 'A54.9', 'Gonorrhea'),
(80, 'A60,9', 'Kolera'),
(81, 'A63.0', 'Condiloma Acuminatum'),
(82, 'A69.0', 'Noma'),
(83, 'A71.9', 'Tacom'),
(84, 'A82.9', 'Rabies'),
(85, 'A90', 'Dengue'),
(86, 'A91', 'Dhf/Dss'),
(87, 'AO6.4', 'Lever Ambic Abses'),
(88, 'B 00', 'Infeksi Herpesvirus (Herpes Simpleks)'),
(89, 'B 01 - B 02', 'Varisela (Cacar Air) Dan Zoster (Herpes Zoster)'),
(90, 'B 05', 'Campak'),
(91, 'B 06', 'Rubela'),
(92, 'B 15', 'Hepatitis A Akut'),
(93, 'B 16', 'Hepatitis B Akut'),
(94, 'B 17.1', 'Hepatitis C Akut'),
(95, 'B 17.2', 'Hepatitis E Akut'),
(96, 'B 20 - B 24', 'Penyakit Virus Gangguan Defisiensi Imun??Pada Manusia (Hiv)'),
(97, 'B 26', 'Gondong'),
(98, 'B 35 - B 49', 'Mikosis'),
(99, 'B 50 - B 54', 'Malaria (Included All Malaria)'),
(100, 'B 55', 'Lesmaniasis'),
(101, 'B 56 - B 57', 'Tripanosomiasis'),
(102, 'B 58', 'Toksoplasmosis'),
(103, 'B 65', 'Skistosomiasis (Bilharziasis)'),
(104, 'B 66', 'Infeksi Trematoda Lainnya'),
(105, 'B 67', 'Ekinokokosis'),
(106, 'B 72', 'Drakunkuliasis'),
(107, 'B 73', 'Onkosersiasis'),
(108, 'B 74', 'Filariasis'),
(109, 'B 76', 'Penyakit Cacing Tambang'),
(110, 'B 90.0 - .8', 'Sekuele (Gejala Sisa) Tb Lainnya'),
(111, 'B 90.9.1', 'Paru/Lobus Luluh Akibat Tb'),
(112, 'B 90.9.2', 'Sindrom Obstruksi Pasca Tb'),
(113, 'B 91', 'Sekuele (Gejala Sisa) Poliomielitis'),
(114, 'B 92', 'Sekuele (Gejala Sisa) Lepra'),
(115, 'B00.1', 'Herpes Facialis'),
(116, 'B00.9', 'Herpes Simpleks'),
(117, 'B02,9', 'Herpes Zooster'),
(118, 'B05.2', 'Exanthema Subitum'),
(119, 'B05.9', 'Campak/Measles'),
(120, 'B05.9', 'Morbili'),
(121, 'B08.1', 'Moluscum Contagiosum'),
(122, 'B08.4', 'Hona,Foot Dan Mouth Disease ( Hfmd)'),
(123, 'B15.9', 'Hepatitis A'),
(124, 'B16.9', 'Hepatitis B Akut'),
(125, 'B16.9', 'Hepatitis Virus B'),
(126, 'B17.1', 'Hepatitis C Cronis'),
(127, 'B19.9', 'Hepatitis Fulminaat'),
(128, 'B19.9', 'Hepatitis Virus Akut'),
(129, 'B24', 'Hiv'),
(130, 'B37.9', 'Candidiasis'),
(131, 'B37.9', 'Monoliasis'),
(132, 'B46', 'Oral Trush'),
(133, 'B49', 'Mycosis Mycotic'),
(134, 'B50.0', 'Malaria Cerebral'),
(135, 'B50.8', 'Block Water Fever'),
(136, 'B50.9', 'Malaria Falciferum/Tropical/Algida'),
(137, 'B51.9', 'Malaria Vivak /Tertiana'),
(138, 'B52.9', 'Malaria Quartana'),
(139, 'B53.0', 'Malaria Ovaie'),
(140, 'B54', 'Malaria Cerebral Klinis /Demam'),
(141, 'B65.0', 'Hematocyluria'),
(142, 'B77.9', 'Ascariasis'),
(143, 'C 00 - C 10', 'Neoplasma Ganas Bibir, Rongga Mulut,??Kelenjar Liur, Faring, Tonsil'),
(144, 'C 11', 'Neoplasma Ganas Nasofaring????'),
(145, 'C 12 - C 14', 'Neoplasma Ganas Bibir, Rongga Mulut, Faring, Lainnya & Ytt'),
(146, 'C 15', 'Neoplasma Ganas Esofagus'),
(147, 'C 16', 'Neoplasma Ganas Lambung'),
(148, 'C 18?', 'Neoplasma Ganas Kolon'),
(149, 'C 19 - C 21', 'Neoplasma Ganas Daerah??Rektosigmoid, Rektum Dan Anus'),
(150, 'C 22', 'Neoplasma Ganas Hati Dan Saluran Empedu Intrahepatik'),
(151, 'C 25', 'Neoplasma Ganas Pankreas'),
(152, 'C 32', 'Neoplasma Ganas Laring'),
(153, 'C 33', 'Neoplasma Ganas Trakea'),
(154, 'C 34', 'Neoplasma Ganas Bronkus Dan Paru'),
(155, 'C 38.1-.8', 'Neoplasma Ganas Mediastinum'),
(156, 'C 40 - C 41', 'Neoplasma Ganas Tulang Dan Tulang Rawan Sendi'),
(157, 'C 43', 'Melanoma Ganas Kulit'),
(158, 'C 44', 'Neoplasma Ganas Kulit Lainnya'),
(159, 'C 45', 'Mesotelioma'),
(160, 'C 46 - C 49', 'Neoplasma Ganas Jaringan Ikat & Jaringan Lunak'),
(161, 'C 50', 'Neoplasma Ganas Payudara'),
(162, 'C 53', 'Neoplasma Ganas Serviks Uterus'),
(163, 'C 54', 'Neoplasma Ganas Korpus Uteri'),
(164, 'C 55', 'Neoplasma Ganas Bagian Uterus Lainnya Dan Ytt'),
(165, 'C 56', 'Neoplasma Ganas Ovarium (Indung Telur)'),
(166, 'C 58', 'Neoplasma Ganas Plasenta (Uri)'),
(167, 'C 60', 'Neoplasma Ganas Penis'),
(168, 'C 61', 'Neoplasma Ganas Prostat'),
(169, 'C 62', 'Neoplasma Ganas Testis'),
(170, 'C 63', 'Neoplasma Ganas Alat Kelamin Pria Lainnya'),
(171, 'C 64 - C 65', 'Neoplasma Ganas Ginjal, Pelvis Ginjal'),
(172, 'C 66, C 68', 'Neoplasma Ganas Alat Kemih Lainnya'),
(173, 'C 67', 'Neoplasma Ganas Kandung Kemih (Buli-Buli)'),
(174, 'C 69', 'Neoplasma Ganas Mata Dan??Adneksa'),
(175, 'C 70, C 72', 'Neoplasma Ganas Bagian Susunan Saraf Pusat'),
(176, 'C 71', 'Neoplasma Ganas Otak'),
(177, 'C 73', 'Neoplasma Ganas Kelenjar Tiroid'),
(178, 'C 74 - C 75', 'Neoplasma Ganas Kelenjar Endokrin Lain Dan Struktur Terkait?'),
(179, 'C 76', 'Neoplasma Ganas Tempat Lain Dan Yang Tidak Jelas Batasannya'),
(180, 'C 77 - C 80', 'Neoplasma Ganas Sekunder Dan Neoplasma Ganas Kelenjar Getah Bening Ytt'),
(181, 'C 81', 'Penyakit Hodgkin'),
(182, 'C 82 - C 85', 'Limfoma Non Hodgkin'),
(183, 'C 88-C 90, C 96', 'Neoplasma Ganas Lain Dari Limfoid, Hematopoetik Dan Jaringan Terkait Lainnya'),
(184, 'C 91 - C 95', 'Leukemia'),
(185, 'C 97', 'Neoplasma Ganas Primer Tempat Multipel'),
(186, 'C02.9', 'Ca. Lidah'),
(187, 'C05.9', 'Ca. Palata'),
(188, 'C05.9', 'Tumor Palatum'),
(189, 'C11.1', 'Adeno Ca'),
(190, 'C11.9', 'Ca. Nesofaring'),
(191, 'C15.9', 'Ca. Esopagus'),
(192, 'C16.9', 'Adeno Ca. Gaster?'),
(193, 'C16.9', 'Ca. Gaster/Lambung'),
(194, 'C18.0', 'Ca. Caecum'),
(195, 'C18.7', 'Ca. Sigmoid'),
(196, 'C18.9', 'Adeno Ca.Colon'),
(197, 'C18.9', 'Ca. Colon'),
(198, 'C20', 'Ca. Recti'),
(199, 'C22.0', 'Hepatoma'),
(200, 'C22.1', 'Ca.Chalangio'),
(201, 'C25.9', 'Ca. Pancereas'),
(202, 'C32.9', 'Ca. Laring'),
(203, 'C34.1', 'Ca. Paru'),
(204, 'C34.9', 'Adeno Ca.Paru'),
(205, 'C40.1', 'Osteo Sarcoma Dari'),
(206, 'C40.2', 'Ca. Femur'),
(207, 'C40.2', 'Osteo Sarcoma Lutut'),
(208, 'C41.1', 'Ca. Mandibula'),
(209, 'C42.9', 'Myosercoma Betis Kiri'),
(210, 'C43.9', 'Melenoma Malignen'),
(211, 'C44', 'Ca. Epidermoid'),
(212, 'C44,5', 'Kista Umbilicoli'),
(213, 'C44.1', 'Basalioma Canthus Lateralis'),
(214, 'C44.2', 'Basalioma Telinga?'),
(215, 'C44.2', 'Carsinoma Telinga'),
(216, 'C44.3', 'Basalioma Hidung/Pipi/Mata'),
(217, 'C49.0', 'Tumor Soft Tissue ( Ganas)'),
(218, 'C49.1', 'Rebtomysarcoma Cruris Dextra'),
(219, 'C49.2', 'Osteo Sarcoma Femur'),
(220, 'C49.3', 'Hemangioma Sarcoma'),
(221, 'C50.9', 'Ca. Mama'),
(222, 'C51.0', 'Tumor Labio Mayora'),
(223, 'C51.9', 'Ca. Tibia'),
(224, 'C52', 'Ca. Vagina'),
(225, 'C53.9', 'Ca. Cerviks'),
(226, 'C54.1', 'Ca Ewametrium'),
(227, 'C54.9', 'Ca. Corpus'),
(228, 'C55', 'Ca. Rahim/Uterus'),
(229, 'C55', 'Carsinoma Utery'),
(230, 'C55', 'Sarcoma Utery'),
(231, 'C56', 'Ca. Ovari'),
(232, 'C58', 'Ca.Corio'),
(233, 'C58', 'Chorio Cersininoma'),
(234, 'C60.9', 'Ca. Penis'),
(235, 'C61', 'Ca.Prostat'),
(236, 'C62.9', 'Seminoma Testis'),
(237, 'C67.9', 'Ca. Blader'),
(238, 'C68.0', 'Ca. Buli-Buli'),
(239, 'C69', 'Tumor Mata'),
(240, 'C69.9', 'Squemus Cell Ca.Orbita'),
(241, 'C71.6', 'Medulo Blastoma'),
(242, 'C71.9', 'Metastase Intra Cranial'),
(243, 'C73', 'Ca.Teroid'),
(244, 'C76.0', 'Ca. Coll'),
(245, 'C76.0', 'Ca. Squo Mous Cell'),
(246, 'C76.0', 'Inverte Papiloma Cav.Nasi'),
(247, 'C76.3', 'Ca. Pantat'),
(248, 'C76.3', 'Tumor Glutea Malignom'),
(249, 'C76.5', 'Malignancy Lutut'),
(250, 'C77.9', 'Ca. Gland (Kelenjar)'),
(251, 'C81', 'Metastase Glutea Ca'),
(252, 'C81.0', 'Hodkin Disease'),
(253, 'C85.0', 'Lympadenopaty'),
(254, 'C85.9', 'Limpoma No Hodgkins'),
(255, 'C85.9', 'Limpomamalignah'),
(256, 'C85.9', 'Lipoma Retraurculer'),
(257, 'C91.0', 'All'),
(258, 'C92.0', 'Acut Myelocitic Leukemia (Aml)'),
(259, 'C95.0', 'Leukemia Acut'),
(260, 'C95.7', 'Aleukimia Leukimia'),
(261, 'C96.2', 'Retino Blastoma'),
(262, 'C97', 'Multiple Polip Senile'),
(263, 'D 04', 'Karsinoma In Situ Kulit'),
(264, 'D 05', 'Karsinoma In Situ Payudara'),
(265, 'D 06', 'Karsinoma In Situ Serviks Uterus'),
(266, 'D 12.6', 'Polip Gastrointestinal'),
(267, 'D 14.1 - .4', 'Neoplasma Jinak Sistem Napas Lainnya'),
(268, 'D 15.2', 'Neoplasma Jinak Mediastinum'),
(269, 'D 16,2', 'Fibroma Femur'),
(270, 'D 21,0', 'Fibroma Kepala'),
(271, 'D 21,3', 'Fibroma Axilla'),
(272, 'D 21,9?', 'Fibro Sarcoma'),
(273, 'D 22 - D 23', 'Neoplasma Jinak Kulit'),
(274, 'D 24', 'Fibro Adenoma Mama (Fam)'),
(275, 'D 24', 'Neoplasma Jinak Payudara'),
(276, 'D 25', 'Leiomioma Uterus'),
(277, 'D 26,0', 'Fibroma Osteo'),
(278, 'D 27', 'Neoplasma Jinak Ovarium (Indung Telur)'),
(279, 'D 30', 'Neoplasma Jinak Alat Kemih'),
(280, 'D 33', 'Neoplasma Jinak Otak Dan Susunan Saraf Pusat Lainnya'),
(281, 'D 36,7', 'Fibroma'),
(282, 'D 36,7', 'Fibroma Jari/Pipi'),
(283, 'D 37 - D 48', 'Neoplasma Yang Tak Menentu Perangainya Dan Yang Tak Diketahui Sifatnya'),
(284, 'D 50', 'Anemia Defisiensi Zat Besi'),
(285, 'D 59', 'Anemia Hemolitik'),
(286, 'D 61', 'Anemia Aplastik Lainnya'),
(287, 'D 70', 'Agranulositosus'),
(288, 'D 74', 'Metahaemoglobinema'),
(289, 'D 80 ? D 89', 'Penyakit Tertentu Yang Menyangkut Mekanisme Imun'),
(290, 'D06.9', 'Cin ( Carsinoma Insitu Cerviks)'),
(291, 'D10.6', 'Angio Fibroma Nasofaring'),
(292, 'D11.0', 'Tumor Parotis ( Preaucular)'),
(293, 'D11.7', 'Tumor Sub Mandibula'),
(294, 'D12.0', 'Tumor Ceacum'),
(295, 'D12.9', 'Tumor Anus'),
(296, 'D13.1', 'Polip Gaster'),
(297, 'D13.1', 'Polip Gaster /Stomach'),
(298, 'D13.1', 'Tumor Gaster'),
(299, 'D13.1?', 'Tumor Kantong Empedu'),
(300, 'D13.5', 'Comon Bill Duct (Cbd)'),
(301, 'D14.1', 'Tumor Laring ( Paru)'),
(302, 'D14.3', 'Stu Parn'),
(303, 'D16.4', 'Tumor Maxilla'),
(304, 'D16.5', 'Adamantinoma'),
(305, 'D17.9', 'Lipoma Neohal'),
(306, 'D17.9', 'Lympo Sarcoma'),
(307, 'D18.0', 'Hemangioma'),
(308, 'D18.1', 'Higroma ( Colli D Cystioa)'),
(309, 'D18.1', 'Lympengioma'),
(310, 'D21.1', 'Sarcoma Lengan?'),
(311, 'D21.2', 'Multiple Fibroma Colorsum'),
(312, 'D25.9', 'Myoma Uteri'),
(313, 'D27', 'Kistoma Ovaril'),
(314, 'D31.6', 'Tumor Orbit'),
(315, 'D33.0', 'To Eccipital?'),
(316, 'D36.7', 'Tumor Glutea'),
(317, 'D36.7', 'Tumor Tulang Dada Iga'),
(318, 'D45', 'Policetimia Vera'),
(319, 'D46.6', 'Cysta Sarcoma'),
(320, 'D46.9', 'Pereleukemia'),
(321, 'D47.1', 'Myelofibrosis'),
(322, 'D48.0', 'Tumor Gusi?'),
(323, 'D50.0', 'Anemia Pasca Pendarahan'),
(324, 'D56.9', 'Talasemia'),
(325, 'D58.9', 'Anemia Hemolitik'),
(326, 'D59.5', 'Pnh ( Parokimal Noctumal Hemoglobimuria)'),
(327, 'D61.9', 'Pancytopenia'),
(328, 'D64.8', 'Anemia (Gravio)'),
(329, 'D66', 'Hemopili'),
(330, 'D69.0', 'Henoch Schonlein Purpura (Hsp)'),
(331, 'D69.3', 'Itp'),
(332, 'D69.9', 'Diathesis Hemorrhage'),
(333, 'D70', 'Neuro Panic'),
(334, 'D75.9', 'Intra Cranial Bleeding'),
(335, 'D75.9', 'Pendarahan Infra Kranial Pik'),
(336, 'D75.9', 'Pendarahan Intra Cranial'),
(337, 'E 00 - E 02', 'Gangguan Tiroid Berhubungan Dengan Defisiensi??Iodium'),
(338, 'E 03', 'Hipotiroidisme Lain'),
(339, 'E 04', 'Penyakit Gondok Nontoksik Lain'),
(340, 'E 05', 'Tirotoksikosis (Hipertiroidisme)'),
(341, 'E 06', 'Tiroiditis'),
(342, 'E 07', 'Gangguan Kelenjar Tiroid Lainnya'),
(343, 'E 10', 'Diabetes Melitus Bergantung Insulin'),
(344, 'E 11', 'Diabetes Melitus Tidak Bergantung Insulin'),
(345, 'E 12', 'Diabetes Melitus Berhubungan Malnutrisi'),
(346, 'E 13', 'Diabetes Melitus Ydt Lainnya'),
(347, 'E 14', 'Diabetes Melitus Ytt?'),
(348, 'E 40 - E 46', 'Malnutrisi'),
(349, 'E 50', 'Defisiensi Vitamin A'),
(350, 'E 51 - E 56', 'Defisiensi Vitamin Lainnya'),
(351, 'E 64', 'Gejala Sisa Malnutrisi Dan Defisiensi Gizi Lainnya'),
(352, 'E 66', 'Obesitas'),
(353, 'E 86', 'Deplesi Volume (Dehidrasi)'),
(354, 'E03.9', 'Hipotiroid'),
(355, 'E04.1', 'Cysta Tiroid'),
(356, 'E04.1', 'Struma Uni Nadular Non Toxic'),
(357, 'E04.2', 'Struma Multi Nodusa?'),
(358, 'E04.2', 'Struma Systic'),
(359, 'E04.9', 'Stroma Nodusa'),
(360, 'E04.9', 'Struma Nodusa Non Toxix'),
(361, 'E05', 'Grave\"S Desease'),
(362, 'E05.0', 'Struma Difuse Tocxic'),
(363, 'E05.1', 'Struma Nudusa Toxix'),
(364, 'E05.2', 'Stroma Hipertiroid'),
(365, 'E05.2', 'Struma Nodusa Hypertiroid'),
(366, 'E05.9', 'Hipertiroid'),
(367, 'E05.9', 'Hyperthiroid'),
(368, 'E05.9', 'Tyrotoxi Cosis'),
(369, 'E06', 'Dehidrasi'),
(370, 'E06.3', 'Tiroiditis Hasimoto'),
(371, 'E10', 'Dm Juvenil'),
(372, 'E14,0', 'Kad (Koma Asidosis Diabetic)'),
(373, 'E14.0', 'Coma Diabetic'),
(374, 'E14.0', 'Coma Hiperglikemik'),
(375, 'E14.0', 'Coma Honk ( Hiper Osmolarilas Non Ketosis)'),
(376, 'E14.0', 'Honk'),
(377, 'E14.2', 'Dm Nepropaty'),
(378, 'E14.5', 'Dm Gangren'),
(379, 'E14.9', 'Dm'),
(380, 'E15', 'Coma Hipoglikemik'),
(381, 'E16.0', 'Reaksi Hipoglekimia?'),
(382, 'E16.2', 'Hipoglikemia'),
(383, 'E24.9', 'Chusing Syndrome'),
(384, 'E25,0', 'Kena Gelas/Kaca'),
(385, 'E40', 'Kwarsiakor'),
(386, 'E41', 'Kccl'),
(387, 'E41', 'Marasmus'),
(388, 'E42', 'Marasmus Kwarsi'),
(389, 'E46', 'Kep'),
(390, 'E46', 'Malnutrisi'),
(391, 'E66.9', 'Obesitas /Overweleh?'),
(392, 'E78.0', 'Hiper Cholestrol'),
(393, 'E78.0', 'Hipercolestrolemia'),
(394, 'E78.3', 'Burger O'),
(395, 'E79.0', 'Heperurisemia'),
(396, 'E87.2', 'Asidosis Metabdik'),
(397, 'E88.0', 'Hipalbumenimia'),
(398, 'F 00 - F 03?', 'Demensia'),
(399, 'F 10', 'Gangguan Mental Dan Perilaku Akibat Penggunaan Alkohol'),
(400, 'F 11', 'Gangguan Mental Dan Perilaku Akibat Penggunaan Opioida'),
(401, 'F 12', 'Gangguan Mental Dan Perilaku Akibat Penggunaan Kanabinoida'),
(402, 'F 13', 'Gangguan Mental Dan Perilaku Akibat Penggunaan Sedativa Atau Hipnotika'),
(403, 'F 14', 'Gangguan Mental Dan Perilaku Akibat Penggunaan Kokain'),
(404, 'F 15', 'Gangguan Mental Dan Perilaku Akibat Penggunaan Stimulansia'),
(405, 'F 16', 'Gangguan Mental Dan Perilaku Akibat Penggunaan Halosinogenika'),
(406, 'F 17', 'Gangguan Mental Dan Perilaku Akibat Penggunaan Tembakau'),
(407, 'F 18, F 19', 'Gangguan Mental Dan Perilaku Akibat Zat Pelarut Yang Mudah Menguap Atau Zat Multipel Dan Zat Psikoak'),
(408, 'F 20, F 21, F 23', 'Skizofrenia, Gangguan Skizotipal, Psikotik Akut Dan Sementara'),
(409, 'F 22, F 24', 'Gangguan Waham Menetap Dan Induksi'),
(410, 'F 25', 'Gangguan Skizoafektif'),
(411, 'F 28 - F 29', 'Gangguan Psikotik Nonorganik Lainnya Atau Ytt'),
(412, 'F 30,??F 31', 'Episode Manik Dan Gangguan Afektif Bipolar'),
(413, 'F 32 - F 39', 'Episoda Depresif, Gangguan Depresif??Berulang, Gangguan Suasana Perasaan (Mood Afektif) Menetap, Lai'),
(414, 'F 40, F 41', 'Gangguan Anxietas Fobik, Gangguan Anxietas Lainnya'),
(415, 'F 42', 'Gangguan Obsesif - Kompulsif'),
(416, 'F 43.1', 'Gangguan Stress Pasca Trauma'),
(417, 'F 44', 'Gangguan Disosiatif [Konversi]'),
(418, 'F 50 - F 59', 'Sindrom Makan, Gangguan Tidur, Disfungsi Seksual, Gangguan Perilaku Lainnya'),
(419, 'F 60 - F 69', 'Gangguan Kepribadian, Gangguan Kebiasaan Dan Impuls, Gangguan Identitas, Gangguan Prevensi Seksual'),
(420, 'F 70 - F 79', 'Retardasi Mental'),
(421, 'F 80 - F 89', 'Gangguan Perkembangan Psikologis'),
(422, 'F 99', 'Gangguan Jiwa Ytt'),
(423, 'F03', 'Dementia Senlititis'),
(424, 'F05.0', 'Bblr'),
(425, 'F06.9', 'Syndrome Otak Organik'),
(426, 'F07.2', 'Post Concusison Syndrome'),
(427, 'F07.2', 'Sindrome Concusion'),
(428, 'F09', 'Pisikosis Organik'),
(429, 'F10.0', 'Intoxicasi Obat'),
(430, 'F15.0', 'Intoxcisasi Ctm'),
(431, 'F19.0', 'Drug Intoxication'),
(432, 'F29', 'Psikosis'),
(433, 'F32.9', 'Depresi'),
(434, 'F41.0', 'Panic Diserdes'),
(435, 'F41.9', 'Anxietas'),
(436, 'F43.0', 'Reaksi Stress Acut'),
(437, 'F44.9', 'Histeria'),
(438, 'F44.9', 'Reaksi Conversi'),
(439, 'F44.9', 'Reaksi Convrsi'),
(440, 'F45.9', 'Pasiccsomatis'),
(441, 'F48.0', 'Neurastania'),
(442, 'F52.2', 'Impotensi Dini'),
(443, 'F79', 'Mental Retardation'),
(444, 'F79', 'Retar Dasi Mental'),
(445, 'F80.9', 'Deloyed Movement'),
(446, 'G 00 - G 09', 'Penyakit Radang Susunan Saraf Pusat'),
(447, 'G 20', 'Penyakit Parkinson'),
(448, 'G 21', 'Parkinson Sekunder'),
(449, 'G 30', 'Penyakit Alzheimer'),
(450, 'G 35', 'Sklerosis Multipel'),
(451, 'G 40 - G 41', 'Epilepsi'),
(452, 'G 43 - G 44', 'Migren Dan Sindrom Nyeri Kepala Lainnya'),
(453, 'G 45', 'Gangguan Serangan Peredaran Otak Sepintas Dan Sindrom Yang Terkait'),
(454, 'G 56.0', 'Sindroma Carpal Tunnel'),
(455, 'G 56.2', 'Lesi Saraf Ulnaris'),
(456, 'G 56.3', 'Lesi Saraf Radialis'),
(457, 'G 56.8', 'Mononeuropati Anggota Tubuh Bagian Atas Lainnya'),
(458, 'G 80', 'Infantil Cerebral Palsy'),
(459, 'G 81 - G 83', 'Sindrom Paralitik Lainnya'),
(460, 'G 92', 'Toksik Insefalopati'),
(461, 'G00.9', 'Miningitis Prulent /Bacterial'),
(462, 'G03.9', 'Menengitis'),
(463, 'G04.9', 'Ensefalitis'),
(464, 'G04.9', 'Meningo Ensafalitis'),
(465, 'G04.9', 'Myelitis'),
(466, 'G06.6', 'Abses Otak'),
(467, 'G12.3', 'Paraliasi Pertodik'),
(468, 'G20', 'Parkinson'),
(469, 'G25.5', 'Chorea'),
(470, 'G25.9', 'Exstra Piramidal Syndrom'),
(471, 'G25.9', 'Syndrome Extra Pramidal'),
(472, 'G36.0', 'Devic\'S Desease'),
(473, 'G40.9', 'Epilepsi'),
(474, 'G41.9', 'Status Epileptikus'),
(475, 'G43.9', 'Migren'),
(476, 'G43.9', 'Sindrome Migren'),
(477, 'G43.9', 'Syndrome Migrain'),
(478, 'G44.0', 'Status Convcilisive'),
(479, 'G44.2', 'Tension Head Ache'),
(480, 'G45.0', 'Syndrom Vertevro Basiler'),
(481, 'G45.0', 'Syndrome Vertebro Basiler'),
(482, 'G45.9', 'Tia'),
(483, 'G47.0', 'Insomnia'),
(484, 'G52.2', 'Pereplegia'),
(485, 'G57.7', 'Mulitple Cranial Palsy'),
(486, 'G58.9', 'Neuropaty'),
(487, 'G61.0', 'Gbs'),
(488, 'G61.0', 'Syndrome Barre Guillain Sgb'),
(489, 'G62.9', 'Polineurpati'),
(490, 'G70.0', 'Myastenia Gravis'),
(491, 'G80.9', 'Cerebral Palsy (Cp)'),
(492, 'G80.9', 'Palsy Cerebral'),
(493, 'G81.9', 'Doble Hemiparese'),
(494, 'G81.9', 'Hemiparesis'),
(495, 'G81.9', 'Persiapan Ct Scen'),
(496, 'G82.2', 'Paraparesis'),
(497, 'G82.5', 'Traptorasre/Tetraplegia'),
(498, 'G83.1', 'Monoparase Extrimitas'),
(499, 'G91.9', 'Hidrocepalus'),
(500, 'G93,5', 'Kompressi Medulla'),
(501, 'G93.0', 'Cysta Cerebrl'),
(502, 'G93.2', 'Tik'),
(503, 'G93.4', 'Encepalopati'),
(504, 'G93.4', 'Hie ( Hipoxic Ischemic Ensialopaty)'),
(505, 'G93.5', 'Compressisi Medula Spinalis'),
(506, 'G93.6', 'Edema Cerebral?'),
(507, 'G93.9', 'Cerebral?'),
(508, 'G93.9', 'Disfungsi Batang Otak'),
(509, 'G93.9', 'Inta Cerebral Bleding'),
(510, 'G93.9', 'Multiple Cerebri'),
(511, 'H 00 - H 01', 'Radang Kelopak Mata'),
(512, 'H 02 - H 03', 'Gangguan Lain Kelopak Mata'),
(513, 'H 04 - H 06', 'Gangguan Sistem Lakrimal Dan Orbita'),
(514, 'H 10 - H 13', 'Konjungtivitis Dan Gangguan Lain Konjungtiva'),
(515, 'H 15 - H 19', 'Keratitis Dan Gangguan Lain Sklera Dan Kornea'),
(516, 'H 20 - H 22', 'Iridosiklitis Dan Gangguan Lain Iris Dan Badan Silier'),
(517, 'H 25 - H 28', 'Katarak Dan Gangguan Lain Lensa'),
(518, 'H 30 - H 32', 'Gangguan Koroid Dan Korioretina'),
(519, 'H 33', 'Ablasi Dan Kerusakan Retina'),
(520, 'H 34', 'Sumbatan Vaskular Retina'),
(521, 'H 35 - H 36', 'Gangguan Lain Retina?'),
(522, 'H 40 - H 42', 'Glaukoma'),
(523, 'H 43 - H 45', 'Gangguan Badan Kaca Dan Bola Mata'),
(524, 'H 46 - H 48', 'Gangguan Saraf Optik Dan Saraf Penglihatan'),
(525, 'H 49 - H 50', 'Strabismus'),
(526, 'H 51', 'Gangguan Lain Gerakan Mata Binokular'),
(527, 'H 52', 'Gangguan Refraksi Dan Akomodasi'),
(528, 'H 53', 'Gangguan Daya Lihat'),
(529, 'H 54', 'Buta Dan Rabun'),
(530, 'H 55', 'Nistagmus & Pergerakan Mata Yang Tidak Teratur Lainnya'),
(531, 'H 57 - H 59', 'Penyakit Lain Mata Dan Adneksa'),
(532, 'H 60,0', 'Furunkel Telinga'),
(533, 'H 61.8', 'Fistula/Kista Preaurikel'),
(534, 'H 65 - H 75', 'Otitis Media Dan Gangguan??Mastoid Dan??Telinga Tengah'),
(535, 'H 83.3', 'Efek Kebisingan Telinga Bagian Dalam'),
(536, 'H 90 - H 91', 'Gangguan Daya Dengar'),
(537, 'H00.0', 'Abses Palpebra'),
(538, 'H00.0', 'Hordeolum'),
(539, 'H00.0', 'Multiple Hordeulum'),
(540, 'H00.1', 'Chalazion'),
(541, 'H01.8', 'Granuloma Mata'),
(542, 'H02.1', 'Entropien Mata Citaticial'),
(543, 'H02.2', 'Lagophitalmoes'),
(544, 'H02.4', 'Ptisisc Bulbi'),
(545, 'H02.4', 'Ptosis'),
(546, 'H02.8', 'Cysta Eyelld (Kelopak Mata)'),
(547, 'H02.8', 'Edema Eyelid Mata'),
(548, 'H03.1', 'Moluscum Contagiosum Mata'),
(549, 'H04.8', 'Cysta Ductus Laclimaris'),
(550, 'H05,8', 'Kista Orbit'),
(551, 'H05.0', 'Celulitis Orbita'),
(552, 'H05.0', 'Orbital Celluitis'),
(553, 'H05.2', 'Propthosis'),
(554, 'H10.9', 'Conjungtivitis'),
(555, 'H11.0', 'Pteregium'),
(556, 'H11.2', 'Sumbilofiron'),
(557, 'H11.3', 'Hemorhage Conjupctiva'),
(558, 'H11.4', 'Cysta Conjunctiva'),
(559, 'H11.8', 'Psudo Pteregium'),
(560, 'H13.1', 'Conjungtivitas Neunatal Gonocokal'),
(561, 'H16,9', 'Keratitis'),
(562, 'H16.3', 'Abses Cornea'),
(563, 'H17.8', 'Leucoma Cornea?'),
(564, 'H18.9', 'Leukemia Comea'),
(565, 'H20,9', 'Kerato Uvcitis'),
(566, 'H21.0', 'Hipema'),
(567, 'H21.4', 'Secclusio'),
(568, 'H21.5', 'Synechia/Perlekatan Mata'),
(569, 'H25.2', 'Catarac Tua(Mature)'),
(570, 'H26.0', 'Catarac Muda ( Juvenil)'),
(571, 'H26.1', 'Catarac Traumatik'),
(572, 'H26.2', 'Catarac Compilated'),
(573, 'H26.4', 'Catarac Scondary'),
(574, 'H27.0', 'Apekia'),
(575, 'H27.1', 'Dislokasi Lensa'),
(576, 'H30.9', 'Neuro Chorioretiasis'),
(577, 'H33.2', 'Ablasio Retina / Cornea'),
(578, 'H34.1', 'Oclosio Arteri Retina Sentral?'),
(579, 'H34.2', 'Crao'),
(580, 'H40.1', 'Glaucoma Kronik'),
(581, 'H40.2', 'Glaukoma Acut'),
(582, 'H40.5', 'Glaucoma Sekunder'),
(583, 'H44.0', 'Endoptalmitis'),
(584, 'H44.0', 'Panophtalmitis'),
(585, 'H44.3', 'Hemorage Intra Ocular'),
(586, 'H46', 'Neuritis Optic'),
(587, 'H46', 'Neuritis Retro Bulbar'),
(588, 'H46', 'Penelitis'),
(589, 'H47.1', 'Edema Papil'),
(590, 'H49.9', 'Opthalmopalgia'),
(591, 'H50.0', 'Esotrapia'),
(592, 'H52.0', 'Retraksi Contas'),
(593, 'H52.1', 'Myopia'),
(594, 'H53.2', 'Diplopia'),
(595, 'H61.2', 'Cerumen'),
(596, 'H66.9', 'Omp?'),
(597, 'H66.9', 'Otitis'),
(598, 'H66.9', 'Perpurasi Mac'),
(599, 'H70.9', 'Mastoiditis'),
(600, 'H71', 'Granuloma Telinga'),
(601, 'I 00 - I 02', 'Demam Reumatik Akut'),
(602, 'I 05 - I 09', 'Penyakit Jantung Reumatik Kronik'),
(603, 'I 10', 'Hipertensi Esensial (Primer)'),
(604, 'I 11 - I 15', 'Penyakit Hipertensi Lainnya'),
(605, 'I 21 - I 22', 'Infark Miokard Akut'),
(606, 'I 26', 'Emboli Paru'),
(607, 'I 42 - I 43', 'Kardiomiopati'),
(608, 'I 44 - I 49', 'Gangguan Hantaran Dan Aritmia Jantung'),
(609, 'I 50', 'Gagal Jantung'),
(610, 'I 60 - I 62', 'Perdarahan Intrakranial'),
(611, 'I 63', 'Infark Serebral'),
(612, 'I 64', 'Cva'),
(613, 'I 64', 'Strok Tak Menyebut Perdarahan Atau Infark'),
(614, 'I 65 - I 69', 'Penyakit Serebrovaskular Lainnya'),
(615, 'I 70', 'Aterosklerosis'),
(616, 'I 73.0', 'Sindroma Raynaud?S'),
(617, 'I 73.1 - .9', 'Penyakit Pembuluh Darah Perifer Lainnya'),
(618, 'I 74', 'Emboli Dan Trombosis Arteri'),
(619, 'I 80 - I 82', 'Flebitis, Tromboflebitis, Emboli Dan Trombosis Vena'),
(620, 'I 80.9', 'Plebitis'),
(621, 'I 83', 'Varises Vena Ekstremitas Bawah'),
(622, 'I 84', 'Hemoroid/Wasir'),
(623, 'I 85', 'Varises Esofagus'),
(624, 'I 86 - I 99', 'Penyakit Sistem Sirkulasi Lainnya'),
(625, 'I00', 'Demam Rematik'),
(626, 'I05.0', 'Mitral Stenosis'),
(627, 'I05.9', 'Mitra Valve Prolapa'),
(628, 'I09.0', 'Jantung Rematik'),
(629, 'I09.9', 'Rhd'),
(630, 'I20.0', 'Angina Pictoris Unsiable/Fasca Infark'),
(631, 'I20.9', 'Angina Pictoris?'),
(632, 'I20.9', 'Sap ( Stable Anggia Pastoris)'),
(633, 'I21.4', 'Sub Endocaroio Infarak'),
(634, 'I21.9', 'Ami ( Infark Miokard Akut)'),
(635, 'I21.9', 'Imark Miokard'),
(636, 'I25.1', 'Cad/Chd (Pjk)'),
(637, 'I25.2', 'Old Myocard Infaction ( Omi)'),
(638, 'I25.9', 'Ihd'),
(639, 'I25.9', 'Jantung Kroner'),
(640, 'I27.9', 'Cor Pulmunale Cronic ( Cpc)'),
(641, 'I27.9', 'Pvc Bigemini'),
(642, 'I31.3', 'Pericardial Effusi'),
(643, 'I34.0', 'Mitral Insufiensi'),
(644, 'I34.0', 'Mr ( Mitral Regorgitasi)'),
(645, 'I34.2', 'Hemoroid Interna'),
(646, 'I35.1', 'Aorta Insufisianis'),
(647, 'I40.0', 'Myocardial Infection Mci'),
(648, 'I42.1', 'Hocm Hipertensi Oostruktif Cardiomyopati'),
(649, 'I42.9', 'Cardiomeapaty'),
(650, 'I44.3', 'Av Block'),
(651, 'I44.7', 'Rbbb'),
(652, 'I47.1', 'Pat'),
(653, 'I47.1', 'Supraventricular Tachycardia'),
(654, 'I47.1', 'Svt ( Supra Venticuler Tachicandila)'),
(655, 'I48', 'Atrial Fibrilasi (Af)'),
(656, 'I49.0', 'Aritmia'),
(657, 'I49.9', 'Dysrhytmia'),
(658, 'I50.0', 'Chf (Gagal Jantung Kongestif)'),
(659, 'I50.0', 'Gagal Jantung'),
(660, 'I50.1', 'Lipoma'),
(661, 'I51.3', 'Hiperactive Exercise'),
(662, 'I51.4', 'Myocarditis'),
(663, 'I51.7', 'Cardiomegali'),
(664, 'I51.7', 'Dilated Cardio Myopanti (Dcm)'),
(665, 'I51.7', 'Lvh Cardiomegali'),
(666, 'I51.9', 'Cysta Hati'),
(667, 'I51.9', 'Decom Cordis'),
(668, 'I51.9', 'Sub Endo Miocard'),
(669, 'I60.9', 'Psa ( Pendarahan Sub Arachnoid'),
(670, 'I60.9', 'Sah ( Sub Aranoid Hemoragic)'),
(671, 'I61.3', 'Pendarahn Pons'),
(672, 'I61.9', 'Cva Bleeding/Hemorage/Hs'),
(673, 'I61.9', 'Sh ( Struke Hemorage)'),
(674, 'I62.1', 'Drip Normal Ibu'),
(675, 'I62.2', 'Intra Cranial Bleeding Non Traumatik'),
(676, 'I63.9', 'Cva Infak'),
(677, 'I63.9', 'Snh ( Struke Non Hemorage)'),
(678, 'I64', 'Nhs ( Non Hemorage Stroke)'),
(679, 'I64', 'Sindrome Batang Otak'),
(680, 'I64', 'Stroke'),
(681, 'I66.9', 'Cvd Trombosit'),
(682, 'I67.4', 'Hipertensi Ensepalopaty'),
(683, 'I67.9', 'Cvd'),
(684, 'I70.9', 'Atoroma'),
(685, 'I71.4', 'Aneorisme Aorta Abdominal'),
(686, 'I71.9', 'Aneuryama Aorta'),
(687, 'I72.0', 'Cysta Epidermoid'),
(688, 'I77.2', 'Refture Artery'),
(689, 'I82.9', 'Dvt'),
(690, 'I84.5', 'Hemoroid External'),
(691, 'I84.9', 'Hemoroid'),
(692, 'I87.1', 'Sindrome Vena Cava'),
(693, 'I88.9', 'Lympadenitis'),
(694, 'I95.9', 'Hepotensi'),
(695, 'I99', 'Ischemik'),
(696, 'J 02?', 'Faringitis Akut'),
(697, 'J 03', 'Tonsilitis Akut'),
(698, 'J 04', 'Laringitis Dan Trakeitis Akut'),
(699, 'J 10 - J 11', 'Influensa'),
(700, 'J 11,1', 'Flu'),
(701, 'J 12 - J 18', 'Pneumonia'),
(702, 'J 20 - J 21', 'Bronkitis Akut Dan Bronkiolitis Akut'),
(703, 'J 30.3', 'Alergi Rhinitis Akibat Kerja'),
(704, 'J 32', 'Sinusitis Kronik'),
(705, 'J 34.8', 'Ulcus Mucosa Hidung & Perforasi Septum Nasi'),
(706, 'J 35', 'Penyakit Tonsil Dan Adenoid Kronik'),
(707, 'J 36 - J 39', 'Penyakit Saluran Napas Bagian Atas Lainnya'),
(708, 'J 40 - J 44', 'Bronkitis, Emfisema Dan Penyakit Paru Obstruktif Kronik Lainnya'),
(709, 'J 45', 'Asma Akibat Kerja'),
(710, 'J 46', 'Status Asmatikus'),
(711, 'J 47', 'Bronkiektasis'),
(712, 'J 60 - J 65', 'Pneumokoniosis'),
(713, 'J 66.0', 'Bisinosis'),
(714, 'J 67', 'Pneumonitis Hipersensitivity Akibat Abu Organik'),
(715, 'J 68', 'Gangguan Pernapasan Akibat Menghirup Zat Kimia, Gas, Asap Dan Uap'),
(716, 'J 85.1, .2', 'Abses Paru'),
(717, 'J 86', 'Piotoraks [Empiema]'),
(718, 'J 90 - J 91', 'Efusi Pleura (Empiema)'),
(719, 'J 92', 'Plak Pleural'),
(720, 'J 93', 'Pneumotoraks'),
(721, 'J00', 'Comon Colid'),
(722, 'J01', 'Rhino Paringitis'),
(723, 'J02.9', 'Paringitis'),
(724, 'J03.9', 'Tonsilitis Acut'),
(725, 'J04.0', 'Laringitis Akut'),
(726, 'J04.1', 'Traceitis Acut'),
(727, 'J05.0', 'Croup'),
(728, 'J05.1', 'Epigglotitis'),
(729, 'J06.8', 'Tonsilo Phanngitis'),
(730, 'J06.9', 'Ispa'),
(731, 'J15.7', 'Pnemunia Antipical'),
(732, 'J18.0', 'Bronco Pnemunia'),
(733, 'J18.1', 'Pnemonia Lobaris'),
(734, 'J18.8', 'Plaura Pnemunia'),
(735, 'J18.9', 'Mnemonia Berat'),
(736, 'J20.9', 'Acut Laringo Tracea Broncitis'),
(737, 'J20.9', 'Broncitis Acut'),
(738, 'J21.9', 'Bronciolitis /Acut'),
(739, 'J24,8', 'Konka Hipertrofi'),
(740, 'J31.0', 'Rhinitis'),
(741, 'J32.9', 'Granuloma Hidung'),
(742, 'J32.9', 'Sinostis Nasi'),
(743, 'J32.9', 'Sinus Hati'),
(744, 'J33.0', 'Sbe'),
(745, 'J33.8', 'Pollip Nasi'),
(746, 'J33.9', 'Polip Nasi'),
(747, 'J34.0', 'Abses Beplum'),
(748, 'J34.1', 'Cysta Nasal(Binus)'),
(749, 'J34.2', 'Deviasi Septuri'),
(750, 'J34.8', 'Obstruksi Nasi?'),
(751, 'J35.0', 'Tonsilitis Cronic'),
(752, 'J35.2', 'Adeno Tonsilitis Cronis'),
(753, 'J36', 'Abses Peritonsilair'),
(754, 'J36', 'Peritonsilaer Abses'),
(755, 'J36', 'Portionisilair Infiltrat'),
(756, 'J36.0', 'Laringo Paringitis Acut'),
(757, 'J37.0', 'Laringitis Cronik'),
(758, 'J38', 'Endocarditia'),
(759, 'J38.0', 'Laringo Malacea/Plagin'),
(760, 'J39.0', 'Abses Paraparingeal'),
(761, 'J39.8', 'Traceomalacea?'),
(762, 'J40', 'Broncitis'),
(763, 'J40', 'Infeksi Bronohitis'),
(764, 'J42', 'Broncitis Kronik'),
(765, 'J43.9', 'Empisema Paru'),
(766, 'J44.9', 'Copd/Ppom'),
(767, 'J44.9', 'Ppom'),
(768, 'J45.9', 'Asma Bronciale (Ab)'),
(769, 'J45.9', 'Total Blok'),
(770, 'J46', 'Status Asmeticus'),
(771, 'J47', 'Bronciektasis'),
(772, 'J69', 'Aspirasi Pnemunea Dewasa'),
(773, 'J69.0', 'Pnemunia Sapirasi'),
(774, 'J80', 'Acut Respiratory Distress Syndrom'),
(775, 'J81', 'Cpa ( Odema Perut Akut)'),
(776, 'J81', 'Edema Paru Akut'),
(777, 'J81', 'Polmunari Congestion'),
(778, 'J84.0', 'Protenosis Alveuler'),
(779, 'J84.9', 'Interstitial Lung Oedema'),
(780, 'J85.1', 'Abses Paru/Lung'),
(781, 'J86.0', 'Fistula Dada?'),
(782, 'J86.9', 'Abses Dada'),
(783, 'J86.9', 'Abses Pada Dada'),
(784, 'J86.9', 'Abses Torax'),
(785, 'J86.9', 'Empyema'),
(786, 'J86.9', 'Pnemu Torax'),
(787, 'J90', 'Efusi Pleura'),
(788, 'J90', 'Pleura Efusi'),
(789, 'J93.8', 'Penemo Torax Acut /Cronik'),
(790, 'J93.9', 'Penemo Thorax'),
(791, 'J96.9', 'Gagal Napas'),
(792, 'J96.9', 'Respiratory Failure'),
(793, 'J98.1', 'Atelactasis'),
(794, 'J98.2', 'Penemunia Disdtinum'),
(795, 'J98.4', 'Cronic Lung Disiase'),
(796, 'J98.4', 'Distroyed Lung'),
(797, 'J98.4', 'Policystic Pam'),
(798, 'J98.4', 'Pulmunal Insufiensi'),
(799, 'J98.4', 'Schwarte Paru'),
(800, 'K 00 ? K 01', 'Gangguan Perkembangan Dan Erupsi Gigi Termasuk Impaksi'),
(801, 'K 02', 'Karies Gigi'),
(802, 'K 03', 'Penyakit Jaringan Keras Gigi Lainnya'),
(803, 'K 04', 'Penyakit Pulpa Dan Periapikal'),
(804, 'K 05 ? K 06', 'Penyakit Gusi, Jaringan Periodontal Dan Tulang Alveolar'),
(805, 'K 07 ? K 08', 'Kelainan Dentofasial Termasuk Maloklusi'),
(806, 'K 09 ? K 10', 'Kista Rongga Mulut Dan Penyakit Pada Rahang'),
(807, 'K 11', 'Penyakit Kelenjar Liur'),
(808, 'K 12', 'Penyakit Jaringan Lunak Mulut (Stomatitis)??Dan Lesi Yang Berkaitan'),
(809, 'K 13 - K 14', 'Penyakit Bibir, Mukosa Mulut Lainnya Dan Lidah'),
(810, 'K 25 - K 27', 'Tukak Lambung Dan Duodenum'),
(811, 'K 29', 'Gastritis Dan Duodenitis'),
(812, 'K 30', 'Dispepsia?'),
(813, 'K 35 - K 38', 'Penyakit Apendiks'),
(814, 'K 35.1', 'Abses Apendicular/Apendikes'),
(815, 'K 40', 'Hernia Inguinal'),
(816, 'K 41 - K 46', 'Hernia Lainnya'),
(817, 'K 50 - K 51', 'Penyakit Crohn Dan Tukak Kolitis????'),
(818, 'K 56', 'Ileus Paralitik Dan Obstruksi Usus Tanpa Hernia'),
(819, 'K 57', 'Penyakit Divertikel Usus'),
(820, 'K 58', 'Sindrom Usus Ringkih (Irritable Bowel Syndrome)'),
(821, 'K 60,3', 'Fistal Perianal'),
(822, 'K 63,2', 'Fistel Enterocutaneous'),
(823, 'K 63,2', 'Fistula Abdomen'),
(824, 'K 70', 'Penyakit Hati Alkohol'),
(825, 'K 71', 'Penyakit Hati Akibat Bahan Beracun Di Tempat Kerja'),
(826, 'K 72', 'Koma Hepatikum Dan Hepatitis Fulminan?'),
(827, 'K 73', 'Hepatitis Kronik'),
(828, 'K 74.6', 'Sirosis Hati'),
(829, 'K 76.0', 'Perlemakan Hati'),
(830, 'K 76.6', 'Hipertensi Portal'),
(831, 'K 76.7', 'Sindrom Hepatorenal'),
(832, 'K 80', 'Kolelitiasis'),
(833, 'K 81', 'Kolesistitis'),
(834, 'K 85 - K 86', 'Pankreatitis Akut Dan Penyakit Pankreas Lainnya'),
(835, 'K00.0', 'Missing Teeth'),
(836, 'K00.6', 'Persistensi Gigi'),
(837, 'K01.1', 'Infeksi Gigi'),
(838, 'K02,9', 'Karies Propunda'),
(839, 'K04,8', 'Kista Radicular'),
(840, 'K04.0', 'Hiperemia Pulpa Hp'),
(841, 'K04.1', 'Gangren Pulpa( Gp)'),
(842, 'K04.3', 'Secundarcan'),
(843, 'K04.7', 'Infeksi Gigi'),
(844, 'K04.8', 'Cysta Radioculer'),
(845, 'K04.9', 'Iritasi Pulpa'),
(846, 'K05.1', 'Ginggivitis'),
(847, 'K05.2', 'Abses Gingival'),
(848, 'K05.2', 'Abses Perodental'),
(849, 'K05.2', 'Periodentitis Acut'),
(850, 'K05.3', 'Perodenitis Cronic'),
(851, 'K06.0', 'Epulis'),
(852, 'K06.0', 'Gusi Berdarah'),
(853, 'K06.8', 'Deformiti Gum'),
(854, 'K06.8', 'Glant Cell Femur'),
(855, 'K06.8', 'Pendarahan Gusi'),
(856, 'K06.8', 'Refture Alvecler?'),
(857, 'K07.4', 'Mal Oclussion'),
(858, 'K08.9', 'Interusi Gigi'),
(859, 'K09.0', 'Cysta Folikuler'),
(860, 'K09.2', 'Cysta Maxijja'),
(861, 'K10.0', 'Abses Mandibula'),
(862, 'K10.2', 'Plegmoa'),
(863, 'K11.2', 'Parotitis'),
(864, 'K11.6', 'Cysta Sub Mandibula'),
(865, 'K11.6', 'Ranala'),
(866, 'K11.8', 'Obstruksi Parsial'),
(867, 'K11.9', 'Infiltrat Parotis'),
(868, 'K12.1', 'Stomatitis'),
(869, 'K12.2', 'Abses Palatum'),
(870, 'K12.2', 'Abses Sub Mandibula'),
(871, 'K12.2', 'Lodwing Angina?'),
(872, 'K20', 'Esopagitis'),
(873, 'K21.0', 'Reflix Esofagus'),
(874, 'K21.9', 'Reflex Esofagus'),
(875, 'K22.0', 'Achalasia Cardia / Esopagus'),
(876, 'K22.6', 'Mellery Weis Syndrom'),
(877, 'K25.9', 'Gastri Ulcer'),
(878, 'K27.9', 'Strees Ulcer'),
(879, 'K27.9', 'Stres Ulcus'),
(880, 'K29.1', 'Gastritis Acut'),
(881, 'K29.2', 'Gastritis Alcoholik'),
(882, 'K29.4', 'Gastritis Chronik'),
(883, 'K29.6', 'Gastritis Alergi'),
(884, 'K29.7', 'Gastritis'),
(885, 'K29.8', 'Duodenitis'),
(886, 'K29.9', 'Gastro Duodenitis'),
(887, 'K30', 'Despepsia'),
(888, 'K31.1', 'Hipertropi Pilory Stenosis'),
(889, 'K31.9', 'Gaster Porforasi'),
(890, 'K31.9', 'Porpurasi Gaster'),
(891, 'K35.0', 'Apendicitis Perforasi'),
(892, 'K35.1', 'Abses App'),
(893, 'K35.9', 'Apendicitis Acut'),
(894, 'K36', 'Apendicitis Kronis'),
(895, 'K37', 'Apendicitis'),
(896, 'K37', 'Periapendicitis'),
(897, 'K38.1', 'Apendicular'),
(898, 'K38.1', 'Apendix Infilltrat'),
(899, 'K38.1', 'Pai'),
(900, 'K40.9', 'Hil /Scrotalis/Inguinalis'),
(901, 'K41.9', 'Hernia Insisional'),
(902, 'K42.9', 'Hernia Umbicollis'),
(903, 'K43.9', 'Hema Insisionalis'),
(904, 'K43.9', 'Hernia Femoral'),
(905, 'K43.9', 'Hhd'),
(906, 'K44.9', 'Hernia Eoigastric/Ventral'),
(907, 'K45.8', 'Hernia Medialis'),
(908, 'K46.9', 'Hernia'),
(909, 'K51.9', 'Colitis Ulceritiva'),
(910, 'K51.9', 'Colitis Ulkiraliv'),
(911, 'K52.9', 'Diare Yang Tidak Ada Leb'),
(912, 'K56.0', 'Ileus Paralitik'),
(913, 'K56.0', 'Paralitik Ilius?'),
(914, 'K56.1', 'Invaginasi'),
(915, 'K56.6', 'Ilius Obstruktif'),
(916, 'K56.7', 'Ileus'),
(917, 'K56.7', 'Neus Post Histerectomy'),
(918, 'K59.0', 'Contifation'),
(919, 'K59.0', 'Obstipasi'),
(920, 'K59.3', 'Mega Colon'),
(921, 'K60.9', 'Hidrops'),
(922, 'K61.0', 'Abses Parienal'),
(923, 'K62.1', 'Polip Recti'),
(924, 'K62.1', 'Polip Rectum'),
(925, 'K62.4', 'Stricture Ani/Anus'),
(926, 'K62.5', 'Pendarahan Anus'),
(927, 'K62.5', 'Rectal Bleeding'),
(928, 'K62.8', 'Proktitis'),
(929, 'K62.9', 'Prolaps Anus'),
(930, 'K63.1', 'Perforasi Ileum/Usus'),
(931, 'K63.1', 'Perporasi Jejunum'),
(932, 'K63.1', 'Perporasi Kolon Sigmoid'),
(933, 'K63.1', 'Porforasi Sigmoid'),
(934, 'K63.1', 'Porforasi Usus'),
(935, 'K63.1', 'Porfurasi Ileum'),
(936, 'K63.2', 'Entrocular Fistula'),
(937, 'K63.4', 'Prolaps Usus'),
(938, 'K63.8', 'Massa Colon'),
(939, 'K65.0', 'Abses Abdominal'),
(940, 'K65.0', 'Abses Perut'),
(941, 'K65.0', 'Abses Retro Pritonial'),
(942, 'K65.0', 'Peritonisis Difusi'),
(943, 'K65.0', 'Peritonisis Generalized'),
(944, 'K65.9', 'Peritonitis'),
(945, 'K66,8', 'Kista Mesenterial'),
(946, 'K66,8', 'Retropertioneal'),
(947, 'K72.0', 'Acute Hepatic Failure'),
(948, 'K72.0', 'Hepatitis Acut'),
(949, 'K72.9', 'Coma Hepaticum'),
(950, 'K72.9', 'Ensepalopati Hepatikum'),
(951, 'K72.9', 'Hepatik Fallure'),
(952, 'K73.9', 'Hepatitis Kronik'),
(953, 'K74.6', 'Ch (Cirosis Hati)'),
(954, 'K75.0', 'Abses Hati/Liver/Hepar'),
(955, 'K75.2', 'Reactur Hepatitis'),
(956, 'K75.9', 'Hepatitis'),
(957, 'K76.0', 'Cld'),
(958, 'K76.1', 'Cardioac Cirosis'),
(959, 'K76.1', 'Cardioac Cirosis'),
(960, 'K76.1', 'Ciroses Cardiac'),
(961, 'K76.7', 'Hepato Renal Syndrom'),
(962, 'K76.9', 'Cld'),
(963, 'K76.9', 'Cronic Liver Disease'),
(964, 'K76.9', 'Liver Cronic'),
(965, 'K76.9', 'Liver Cronis Disease'),
(966, 'K80.2', 'Cholelitiasis'),
(967, 'K80.5', 'Biliary Kolik'),
(968, 'K80.5', 'Choledocholitiasis'),
(969, 'K80.8', 'Batu Empedu'),
(970, 'K81.0', 'Cholicystitis Acut'),
(971, 'K81.9', 'Cholicystitis'),
(972, 'K83,0', 'Kedangnitis'),
(973, 'K83.1', 'Cholestasis'),
(974, 'K83.1', 'Cholestasis'),
(975, 'K85', 'Abses Pancereas'),
(976, 'K85', 'Pancreatitis Acut'),
(977, 'K86.2', 'Cysta Pancereas'),
(978, 'K86.8', 'Pancereas Anular'),
(979, 'K87', 'Obstruktif Sundice'),
(980, 'K90.4', 'Intolorance Food'),
(981, 'K91.4', 'Colostomi Prolaps'),
(982, 'K91.4', 'Colostomy'),
(983, 'K91.4', 'Prolaps Colostomy'),
(984, 'K92.0', 'Hematemasis'),
(985, 'K92.1', 'Bloody Diare'),
(986, 'K92.1', 'Colon Post Radiasi'),
(987, 'K92.1', 'Melena Dewasa'),
(988, 'KODE', 'J'),
(989, 'KODE', 'N'),
(990, 'KODE', 'O'),
(991, 'L 00 - L 08', 'Infeksi Kulit Dan Jaringan Subkutan'),
(992, 'L 07', 'Ca. Parotis ( Pinggang)'),
(993, 'L 23 - L 24', 'Dermatosis Akibat Kerja'),
(994, 'L 98,4', 'Fistula Vesico Cutanens'),
(995, 'L00', 'Impetigo Bulose'),
(996, 'L01.0', 'Invertigo'),
(997, 'L02.0', 'Abses Pipi'),
(998, 'L02.1', 'Abses Colli'),
(999, 'L02.2', 'Abses Ingunialis'),
(1000, 'L02.2', 'Abses Pinggang Kiri'),
(1001, 'L02.2', 'Abses Umbilicia/Dinding (Abdomen Punggung)'),
(1002, 'L02.3', 'Abses Pantat/Buttock/Glutea'),
(1003, 'L02.4', 'Abses Akilla'),
(1004, 'L02.4', 'Abses Lutut Kiri/Axilla/Femur/Femoral'),
(1005, 'L02.4', 'Curetage Skin'),
(1006, 'L02.8', 'Abses Kepala/Ragio'),
(1007, 'L02.9', 'Abses(Luka)'),
(1008, 'L02.9', 'Demam Abses'),
(1009, 'L03.9', 'Celuitis'),
(1010, 'L27.0', 'Drug Eruption?'),
(1011, 'L30.8', 'Dermatitis'),
(1012, 'L40.0', 'Psoriasis Vulgenis'),
(1013, 'L40.1', 'Psoriasis Pustular'),
(1014, 'L53.0', 'Erythema Toxica'),
(1015, 'L53.9', 'Eritodemi'),
(1016, 'L70.0', 'Comedo'),
(1017, 'L72.1', 'Cysta Cebaceaus'),
(1018, 'L81.8', 'Tatto'),
(1019, 'L85.9', 'Nhl'),
(1020, 'L89', 'Decubitus(Ulcer)'),
(1021, 'L90.5', 'Cicatrix'),
(1022, 'L91,0', 'Keloid'),
(1023, 'L91.0', 'Hipertrapi Scar'),
(1024, 'L92.3', 'Granuloma Umbilicus'),
(1025, 'L92.9', 'Granuloma'),
(1026, 'L93.0', 'Sle'),
(1027, 'L98.9', 'Skin Tag'),
(1028, 'M 00 - M 01', 'Artritis Piogenik Dan Artritis Pada Penyakit Infeksi Dan Parasit Ydk Di Tempat Lain'),
(1029, 'M 02 - M 03', 'Artropati Reaktif'),
(1030, 'M 05 - M 06', 'Artritis Reumatoid'),
(1031, 'M 07', 'Psoriasis Dan Artropati Enteropati'),
(1032, 'M 08 - M 09', 'Artritis Belia'),
(1033, 'M 10 - M 11', 'Psoriasis Dan Atropati Lainnya'),
(1034, 'M 12 - M 14', 'Artropati Dan Artritis'),
(1035, 'M 15 - M 19', 'Artrosis'),
(1036, 'M 20 - M 21', 'Derformitas Tungkai Didapat'),
(1037, 'M 22 - M 25', 'Kelainan Sendi Lainnya'),
(1038, 'M 23,4', 'Floating Kuee'),
(1039, 'M 30 - M 31,??M 33 -', 'Gangguan Jaringan Ikat Sistemik Lainnya'),
(1040, 'M 32', 'Lupus Eritemateus Sistemik'),
(1041, 'M 45 - M 49', 'Spondiloartropati Seronegatif'),
(1042, 'M 50 - M 51', 'Gangguan Diskus Servikal Dan Intervertebral Lainnya'),
(1043, 'M 54.5', 'Nyeri Punggung Bawah'),
(1044, 'M 65.4', 'Penyakit De Quervain'),
(1045, 'M 70', 'Gangguan Jaringan Lunak Akibat Yang Berhubungan??Dengan Penggunaan Tekanan Berlebihan'),
(1046, 'M 71 - M 79', 'Gangguan Jaringan Lunak Lainnya'),
(1047, 'M 79,0', 'Fibro Myostis'),
(1048, 'M 79,0', 'Fibromyalgia'),
(1049, 'M 80 - M 85', 'Gangguan Struktur Dan Densitas Tulang'),
(1050, 'M 86', 'Osteomielitis'),
(1051, 'M 87 - M 99', 'Penyakit Sistem Muskuloskeletal Dan Jaringan Ikat?'),
(1052, 'M00.0', 'Gonitis'),
(1053, 'M00.9', 'Septic Arteriris?'),
(1054, 'M06.9', 'Ra?'),
(1055, 'M06.9', 'Rhematoid'),
(1056, 'M07.4', 'Ganglion'),
(1057, 'M08.0', 'Atritis Rematik'),
(1058, 'M10.0', 'Gout Artritis'),
(1059, 'M10.9', 'Gout ( Urat)'),
(1060, 'M13.0', 'Poli Artritis'),
(1061, 'M13.1', 'Coxitis'),
(1062, 'M13.9', 'Artretis?'),
(1063, 'M19.9', 'Osteoartritis'),
(1064, 'M20,0', 'Kontraktur Jari'),
(1065, 'M20.0', 'Contraktur Jari Kaki Kiri'),
(1066, 'M20.1', 'Hallux Valgus'),
(1067, 'M23.4', 'Loose Body Patela (Knee)'),
(1068, 'M24.4', 'Contraktur Alku Kanan/Elbow'),
(1069, 'M25.5', 'Artialgia'),
(1070, 'M31.4', 'Thalogasus'),
(1071, 'M32.9', 'Lupa Cns'),
(1072, 'M35.3', 'Polimialgia'),
(1073, 'M35.9', 'Leymyosarcoma'),
(1074, 'M41.9', 'Soliausis'),
(1075, 'M43.1', 'Spondilolisthesis'),
(1076, 'M43.6', 'Torticolis'),
(1077, 'M46.1', 'Sacro Lleitis'),
(1078, 'M46.9', 'Spondilitis'),
(1079, 'M47.9', 'Spondilosis'),
(1080, 'M48.0', 'Stenosis Spinalis'),
(1081, 'M53.1', 'Cervisal Syndrome'),
(1082, 'M53.1', 'Crs'),
(1083, 'M54.3', 'Ischialgia'),
(1084, 'M54.5', 'Lumbago ( Lbp) /Low Back Pain'),
(1085, 'M54.5', 'Nyeri Pinggang'),
(1086, 'M60.9', 'Myositis'),
(1087, 'M62.4', 'Contraktur Musole'),
(1088, 'M62.9', 'Conraktur Otot /Leher'),
(1089, 'M67.3', 'Transien Synoritis'),
(1090, 'M79.1', 'Myalgia'),
(1091, 'M79.2', 'Neuralgia'),
(1092, 'M79.9', 'Contractur Akilla'),
(1093, 'M84.0', 'Fraktur Maluncin'),
(1094, 'M84.0', 'Malunion'),
(1095, 'M84.1', 'Non Union Fraktur'),
(1096, 'M84.1', 'Psaudar Throsis'),
(1097, 'M86.9', 'Osteomyolitis'),
(1098, 'M87.9', 'Osteonecrosis'),
(1099, 'M89.9', 'Exostosis'),
(1100, 'M98.8', 'Chondroitis'),
(1101, 'N 00 - N 01', 'Sindrom Nefritik Progresif Cepat Dan Akut'),
(1102, 'N 02.8', 'Nefropati Imunoglobulin A (Ig A)'),
(1103, 'N 04', 'Sindrom Nefrotik'),
(1104, 'N 12', 'Nefritis Tubulo - Interstitial, Tidak Ditentukan Akut Atau Kronik/Pielonefritis'),
(1105, 'N 14.3', 'Nefropati Disebabkan Oleh Logam?Logam Berat'),
(1106, 'N 17.8', 'Gagal Ginjal Akut Akibat Asam Jengkol'),
(1107, 'N 20 - N 23', 'Urolitiasis'),
(1108, 'N 30', 'Sistitis'),
(1109, 'N 36,0', 'Fistula Uretra'),
(1110, 'N 38,0', 'Fistal Perineum'),
(1111, 'N 40', 'Hiperplasia Prostat'),
(1112, 'N 41 - N 42', 'Gangguan Prostat Lainnya'),
(1113, 'N 43', 'Hidrokel Dan Spermatokel'),
(1114, 'N 47', 'Prepusium Berlebih, Fimosis Dan Parafimosis'),
(1115, 'N 48,6', 'Fibrosis Corpora Cavernosa'),
(1116, 'N 60 - N 64', 'Gangguan Pada Payudara'),
(1117, 'N 70', 'Salpingitis Dan Ooforitis'),
(1118, 'N 72', 'Radang Serviks'),
(1119, 'N 73', 'Radang Panggul Perempuan Lainnya?'),
(1120, 'N 75.0.1', 'Kista Dan Abses Kelenjar Bartholin'),
(1121, 'N 80', 'Endometriosis'),
(1122, 'N 81', 'Prolaps Alat Kelamin Perempuan'),
(1123, 'N 83', 'Gangguan Bukan Radang Pada Indung Telur, Saluran Telur Dan Ligamentum Latum'),
(1124, 'N 91.0', 'Amenore'),
(1125, 'N 92.0', 'Menoragi Atau Metroragi'),
(1126, 'N 95', 'Gangguan Dalam Masa Menopause Dan Perime Nopause Lainnya?'),
(1127, 'N 97', 'Infertilitas Perempuan'),
(1128, 'N00', 'Gnaps ( Glomerulonepritis Acut Post Streptococos)'),
(1129, 'N00.9', 'Gna( Gromeruloneprritis Acut)'),
(1130, 'N03.9', 'Ckd (Cronic Kidny Disease)'),
(1131, 'N03.9', 'Glomerulo Nepritis Kronis'),
(1132, 'N04.8', 'Nepratio Sindrom'),
(1133, 'N04.8', 'Syndrome Nefhrotic?'),
(1134, 'N05', 'Nepritis'),
(1135, 'N09.0', 'Rumah Terbakar'),
(1136, 'N10', 'Bph ( Prostat)'),
(1137, 'N10', 'Pyelonepritis Acut'),
(1138, 'N11.2', 'Shymlaeparon'),
(1139, 'N11.8', 'Pnc'),
(1140, 'N11.9', 'Infeksi Renal Chronis'),
(1141, 'N11.9', 'Pyolonepritis Kronik'),
(1142, 'N12', 'Myelenopritis'),
(1143, 'N12', 'Pyelonepritis'),
(1144, 'N13.1', 'Obstruksi Uropati'),
(1145, 'N13.3', 'Hidroneorosis'),
(1146, 'N13.6', 'Pyoneprosus'),
(1147, 'N15.1', 'Abses Ginjal'),
(1148, 'N15.1', 'Abses Renal'),
(1149, 'N17.9', 'Gga'),
(1150, 'N18.9', 'Crf/Ggk'),
(1151, 'N18.9', 'Ggk/Gnc'),
(1152, 'N18.9', 'Insufisiensi Renal Ggk'),
(1153, 'N19', 'Coma Uremikum'),
(1154, 'N19', 'Coma Urine'),
(1155, 'N19', 'Renal Fail'),
(1156, 'N19', 'Renal Nsipiensi'),
(1157, 'N20.0', 'Batu Btaghorn'),
(1158, 'N20.0', 'Batu Ginjal'),
(1159, 'N20.0', 'Neprolitiasis'),
(1160, 'N20.0', 'Pyalolitasi'),
(1161, 'N20.0', 'Staghum Stone ( Calculus)'),
(1162, 'N21.1', 'Batu Uretra /Bbb'),
(1163, 'N22', 'Revtur Ve'),
(1164, 'N23', 'Colic Ureter'),
(1165, 'N23', 'Colit Renal Ginjal'),
(1166, 'N23', 'Renal Colix'),
(1167, 'N28.8', 'Ren Mobilis'),
(1168, 'N28.9', 'Trauma Ginjal'),
(1169, 'N29.8', 'Nephro Calcinosis'),
(1170, 'N30.9', 'Cyatitis'),
(1171, 'N32.8', 'Cystocele (Male)'),
(1172, 'N35.7', 'Hematometra'),
(1173, 'N35.9', 'Stenosis Ureter'),
(1174, 'N35.9', 'Stricture Uretra?'),
(1175, 'N36.8', 'Reptur Uretra Non Traumatik'),
(1176, 'N39.0', 'Isk'),
(1177, 'N40', 'Hipertropi??Prostat'),
(1178, 'N41.9', 'Protatitis'),
(1179, 'N43.3', 'Hidrocelle'),
(1180, 'N44', 'Torsi Tersis D'),
(1181, 'N45.9', 'Epididmitis'),
(1182, 'N46.9', 'Orchitis'),
(1183, 'N47', 'Phymosis'),
(1184, 'N48.1', 'Balanitis'),
(1185, 'N48.1', 'Balanitis?'),
(1186, 'N48.9', 'Chordea'),
(1187, 'N50.1', 'Hematoma Testis'),
(1188, 'N50.9', 'Hidrocelle Testis Dextra'),
(1189, 'N55', 'Sincope'),
(1190, 'N57.9', 'Syock'),
(1191, 'N60.0', 'Cysta Mama'),
(1192, 'N60.9', 'Marnae Diplasia'),
(1193, 'N61', 'Abses Mama'),
(1194, 'N61', 'Mastititis Abses'),
(1195, 'N62', 'Gynecomastia'),
(1196, 'N64.8', 'Galactocele'),
(1197, 'N64.9', 'Mastopati'),
(1198, 'N70.9', 'Abses Turbo Ovarial (Ato)'),
(1199, 'N70.9', 'Adnexitis'),
(1200, 'N71.9', 'Endometritis'),
(1201, 'N73.5', 'Abses Cd'),
(1202, 'N73.5', 'Pelvic Peritonisis'),
(1203, 'N75.0', 'Cysta Bartolini'),
(1204, 'N75.1', 'Abses Bartolin'),
(1205, 'N75.8', 'Bortolintitis'),
(1206, 'N76.0', 'Abses Pagina?'),
(1207, 'N80.0', 'Adenomycosio'),
(1208, 'N80.1', 'Cysta Coklat'),
(1209, 'N80.9', 'Endometnosis'),
(1210, 'N81.1', 'Cystocele (Female)'),
(1211, 'N81.4', 'Cystocele (Prolaps Uteri)'),
(1212, 'N81.4', 'Prolap Uteri'),
(1213, 'N81.4', 'Prolaps Uteri ( Tunggal Pagiana)'),
(1214, 'N82.3', 'Recto Vagianal Fistula'),
(1215, 'N83,2', 'Kista Ovarli (Beraslin)'),
(1216, 'N83.2', 'Cysta Overy'),
(1217, 'N83.8', 'Refture Tuba'),
(1218, 'N84.0', 'Polip Endumetrium'),
(1219, 'N84.1', 'Polip Cervikes'),
(1220, 'N85.5', 'Inversio Uteri?'),
(1221, 'N85.8', 'Cysta Endometrium'),
(1222, 'N86', 'Dicubitus ( Cerviks)'),
(1223, 'N89.8', 'Flour Albus( Keputihan)'),
(1224, 'N89.8', 'Hematoma Vagina'),
(1225, 'N90.8', 'Edema Vulva'),
(1226, 'N90.8', 'Hematoma Labia'),
(1227, 'N91.2', 'Amenorrhea'),
(1228, 'N92.0', 'Hyper Menorea'),
(1229, 'N92.0', 'Menoraghia'),
(1230, 'N92.1', 'Menometroragia'),
(1231, 'N92.1', 'Peri Penopose Bleeding'),
(1232, 'N92.6', 'Menstruasi'),
(1233, 'N93.0', 'Bleeding Post Coitus'),
(1234, 'N93.0', 'Post Congital Bleding'),
(1235, 'N93.8', 'Dub'),
(1236, 'N93.8', 'Pud'),
(1237, 'N94.1', 'Cuitus'),
(1238, 'N94.6', 'Desmenorrhea'),
(1239, 'N94.8', 'Henmatocal'),
(1240, 'N94.9', 'Penyakit Radang Panggul Prp'),
(1241, 'N95.0', 'Pendarahan Pasca Menopouse'),
(1242, 'N95.1', 'Menopause'),
(1243, 'N97.9', 'Infertality'),
(1244, 'O 00', 'Kehamilan Ektopik'),
(1245, 'O 01', 'Mola Hidatidosa'),
(1246, 'O 03', 'Abortus Spontan'),
(1247, 'O 04', 'Abortus Medik'),
(1248, 'O 05', 'Abortus Lainnya'),
(1249, 'O 14', 'Hipertensi Gestasional (Akibat Kehamilan)Dengan Proteinuria Yang Nyata/Preeklamsia'),
(1250, 'O 15', 'Eklampsia'),
(1251, 'O 24', 'Diabetes Melitus Dalam Kehamilan'),
(1252, 'O 30', 'Kehamilan Multipel'),
(1253, 'O 33,9', 'Fetal Distress'),
(1254, 'O 33,9', 'Fpd'),
(1255, 'O 40', 'Hidramnion'),
(1256, 'O 42', 'Ketuban Pecah Dini'),
(1257, 'O 44', 'Plasenta Previa'),
(1258, 'O 45', 'Solusio Plasenta'),
(1259, 'O 46', 'Perdarahan Antepartum Ytk Ditempat Lain'),
(1260, 'O 48', 'Kehamilan Lewat Waktu'),
(1261, 'O 60', 'Persalinan Prematur'),
(1262, 'O 64 - O 66', 'Persalinan Macet'),
(1263, 'O 68', 'Persalinan Dengan Penyulit Gawat Janin'),
(1264, 'O 72', 'Pendarahan Pasca Persalinan'),
(1265, 'O 80', 'Persalinan Tunggal Spontan'),
(1266, 'O 84', 'Persalinan Multipel'),
(1267, 'O 85', 'Febris Pueperalis'),
(1268, 'O 85 - O 99', 'Penyulit Yang Lebih Banyak Berhubungan??Dengan Masa Nifas Dan Kondisi Obstetrik??Lainnya, Ytk Ditemp'),
(1269, 'O00,0', 'Kehamilan Abdominal'),
(1270, 'O00,1', 'Ket'),
(1271, 'O00.9', 'Hamil Ectopic'),
(1272, 'O01.9', 'Mola Hidatodosa'),
(1273, 'O01.9', 'Ptg ( Penyakit Tropobles Ganas)'),
(1274, 'O02.0', 'Bilgted Ovum'),
(1275, 'O02.1', 'Abortus Insiplens'),
(1276, 'O02.1', 'Dead Conseptus'),
(1277, 'O02.1', 'Mised Abortion/Dead Concytens'),
(1278, 'O06.9', 'Abortus Inkomplit'),
(1279, 'O08.0', 'Abortus Infeksius'),
(1280, 'O14.1', 'Pre Eklamsia Brat'),
(1281, 'O14.9', 'Pre Eklamusia Ringan'),
(1282, 'O15.9', 'Eklampsia'),
(1283, 'O16', 'Hamil + Hipertensi'),
(1284, 'O20.0', 'Abortus Iminens'),
(1285, 'O21.1', 'Hematematis Graviderum'),
(1286, 'O26.9', 'Hamil Muda'),
(1287, 'O27', 'Tumor Ovari'),
(1288, 'O30.0', 'Gemeli'),
(1289, 'O32', 'Salah Letak'),
(1290, 'O32.1', 'Letak Sunsang ( Ibu)'),
(1291, 'O32.2', 'Letak Lintang Ibu'),
(1292, 'O32.3', 'Letak Muka'),
(1293, 'O34.5', 'Prolaps Tali Pusat'),
(1294, 'O34.8', 'Post Veginal Repair'),
(1295, 'O36.4', 'Bayi Meninggal Ibu Hidup (Kjdr)'),
(1296, 'O36.4', 'Iufd ( Kjdr)'),
(1297, 'O36.7', 'Tumor Meilum'),
(1298, 'O40', 'Hidromnios'),
(1299, 'O41.0', 'Oligohidramnion'),
(1300, 'O42,9', 'Kpd'),
(1301, 'O42.9', 'Prm'),
(1302, 'O43.3', 'Solutio Placenta'),
(1303, 'O44.0', 'Palacenta Previa ( Jalan Keluar Bayi Tertutup Placenta)'),
(1304, 'O47.0', 'Hamil Kurang Dari 37 Mg'),
(1305, 'O47.0', 'Partus Imaturus'),
(1306, 'O48', 'Kehamilan Lewat Waktu'),
(1307, 'O48.9', 'Apb'),
(1308, 'O60', 'Prematur'),
(1309, 'O62.1', 'Scondery Arrest'),
(1310, 'O62.2', 'Antonea Uteri'),
(1311, 'O62.3', 'Partus Kobrojal'),
(1312, 'O63,0', 'Kala I'),
(1313, 'O63,1', 'Kala Ii'),
(1314, 'O63.0', 'Partus Kasep'),
(1315, 'O63.2', 'Partus Lama'),
(1316, 'O63.9', 'Prolongud Leten Fase'),
(1317, 'O64.1', 'After Coming Head'),
(1318, 'O64.1', 'Letak Lintang Kasiep Ibu'),
(1319, 'O66.9', 'Distocia'),
(1320, 'O68.9', 'Gawat Janin'),
(1321, 'O70.9', 'Reptum Perineum (Post Partum )'),
(1322, 'O71.1', 'Repture Uteri'),
(1323, 'O71.2', 'Inversio Uteri Post Fartum'),
(1324, 'O71.7', 'Hematoma Vulva'),
(1325, 'O72.0', 'Rest. Placenta ( Sisa Placenta)'),
(1326, 'O72.1', 'Hpp'),
(1327, 'O80.9', 'Hamil Normal'),
(1328, 'O82.9', 'Sectio'),
(1329, 'O84', 'Kembar Siam'),
(1330, 'O85', 'Sepsis Puerperalis'),
(1331, 'O86.4', 'Infeksi Puerferalis'),
(1332, 'O89.2', 'Thyroglosal Persistent'),
(1333, 'O99.0', 'Anomia Post Partum?'),
(1334, 'O99.0', 'Hamil+ Anemia'),
(1335, 'P 00 - P 04', 'Janin Dan Bayi Baru Lahir Yang Dipengaruhi Oleh Faktor Dan Penyulit Kehamilan Persalinan Dan Kelahir'),
(1336, 'P 05 - P 07', 'Pertumbuhan Janin Lamban, Malnutrisi Janin Dan Gangguan Yang Berhubungan Dengan Ke-Hamilan Pendek Da'),
(1337, 'P 10 - P 15', 'Cedera Lahir'),
(1338, 'P 20 - P 21', 'Hipoksia Intrauterus Dan Asfiksia Lahir'),
(1339, 'P 20,1', 'Fetal Bayi'),
(1340, 'P 22 - P 28', 'Gangguan Saluran Napas Lainnya Yang Ber-Hubungan Dengan Masa Perinatal'),
(1341, 'P 35 - P 37', 'Penyakit Infeksi Dan Parasit Kongenital');
INSERT INTO `tb_diagnosa` (`id`, `kd_diagnosa`, `nm_diagnosa`) VALUES
(1342, 'P 38 - P 39', 'Infeksi Khusus Lainnya Pada Masa Perinatal'),
(1343, 'P 55', 'Penyakit Hemolitik Pd Janin & Bayi Baru Lahir'),
(1344, 'P 95', 'Lahir Mati'),
(1345, 'P01.3', 'Hidrom Neos Bayi'),
(1346, 'P01.7', 'Letak Lintang Anak'),
(1347, 'P01.7', 'Letak Sunsang Anak?'),
(1348, 'P02.0', 'Placenta Pravia Bayi'),
(1349, 'P02.4', 'Tali Pusat Menimbung'),
(1350, 'P03.1', 'Letak Lintang Kasep Anak'),
(1351, 'P03.1', 'Obstruksi Anus ( Akut Bawan Bayi)'),
(1352, 'P03.3', 'Bayi Vakum'),
(1353, 'P03.4', 'Bayi Sectio'),
(1354, 'P03.6', 'Drip Normal Bayi'),
(1355, 'P06.9', 'Sepsis Bayi'),
(1356, 'P07.3', 'Prematur Bayi'),
(1357, 'P08.0', 'Bayi Besar'),
(1358, 'P12.0', 'Cepalhematoma Bayi'),
(1359, 'P12.0', 'Cepalhomatoma Bayi'),
(1360, 'P12.8', 'Capul Succedonum'),
(1361, 'P14.3', 'Bracial Palsy'),
(1362, 'P21.0', 'Asphixia Berat'),
(1363, 'P21.1', 'Asphixia Ringan'),
(1364, 'P21.8', 'Hemorage Intra Of Newbron'),
(1365, 'P21.9', 'Hipoxia Bayi'),
(1366, 'P22.0', 'Rds'),
(1367, 'P22.9', 'Distress Pernapasan Bal'),
(1368, 'P22.9', 'Respiratory Distress Bayi'),
(1369, 'P24.0', 'Aspirasi Mecodum'),
(1370, 'P24.1', 'Aspirasi Pnemunia Bayi'),
(1371, 'P25.2', 'Penemunia Deastinum Bayi'),
(1372, 'P28.4', 'Apnea Bayi'),
(1373, 'P28.5', 'Respiratory Failure Bayi?'),
(1374, 'P36.9', 'Sepsis Seunatrium'),
(1375, 'P37.5', 'Monoliasis Bayi'),
(1376, 'P38', 'Ompalitis?'),
(1377, 'P39.9', 'Infeksi Neunatal'),
(1378, 'P39.9', 'Infeksi Neunatrium'),
(1379, 'P51.9', 'Pendarahan Tali Pusat Bayi'),
(1380, 'P51.9', 'Pendarahan Umbilicoli'),
(1381, 'P54.1', 'Melena Bayi'),
(1382, 'P54.2', 'Rectal Bleeding Bayi'),
(1383, 'P54.8', 'Hemato Bayi'),
(1384, 'P57,9', 'Kern Icterus'),
(1385, 'P59.2', 'Hepatitis Neunatal'),
(1386, 'P59.9', 'Hiper Billirubimania'),
(1387, 'P59.9', 'Icterus Neonatorum'),
(1388, 'P70.4', 'Hipaglikemia Bayi'),
(1389, 'P76.9', 'Obstruksi Usus'),
(1390, 'P78.3', 'Diare Bayi Baru Lahir'),
(1391, 'P91.5', 'Coma Bayi'),
(1392, 'P92.2', 'Bayi Kurang Minum'),
(1393, 'P94.0', 'Myastenia Gravis Bayi'),
(1394, 'P95', 'Bayi Mati'),
(1395, 'P95', 'Iufd ( Kjdr)Bayi'),
(1396, 'Q 03', 'Hidrosefalus Kongenital'),
(1397, 'Q 05', 'Spina Bifida'),
(1398, 'Q 18,1', 'Fistel Preauriculer'),
(1399, 'Q 18,8', 'Fistula Medula'),
(1400, 'Q 20 - Q 28', 'Malformasi Kongenital Sistem Peredaran Darah'),
(1401, 'Q 35 - Q 37', 'Bibir Celah Dan Langit-Langit Celah'),
(1402, 'Q 35,9', 'Fistel Palatum'),
(1403, 'Q 41', 'Tidak Ada, Atresia Dan Stenosis Usus Halus'),
(1404, 'Q 41.0', 'Atresia Duodeni'),
(1405, 'Q 42,2', 'Fistula Afresia Ani'),
(1406, 'Q 43,6', 'Fistula Rectum/Kelainan'),
(1407, 'Q 50 - Q 52', 'Malformasi Kongenital Alat Kelamin Wanita'),
(1408, 'Q 53', 'Testis Tidak Turun'),
(1409, 'Q 54 - Q 56', 'Malformasi Kongenital Alat Kelamin Laki'),
(1410, 'Q 60 - Q 64', 'Malformasi Kongenital Sistem Kemih Lainnya'),
(1411, 'Q 65', 'Deformasi Kongenital Sendi Panggul'),
(1412, 'Q 66', 'Deformasi Kongenital Kaki'),
(1413, 'Q 67 - Q 79', 'Malformasi Dan Deformasi Kongenital Sistem Muskuloskeletal Lain'),
(1414, 'Q 90', 'Sindrom Down'),
(1415, 'Q 91 - Q 99', 'Kelainan Kromosom Ytk Ditempat Lain'),
(1416, 'Q00.0', 'Anencepalus Bayi'),
(1417, 'Q01.9', 'Meningo Ensefalocelle'),
(1418, 'Q02', 'Microcepally'),
(1419, 'Q03.0', 'Cacat Bawaan?'),
(1420, 'Q03.0', 'Hidrocepalus Bayi'),
(1421, 'Q03.1', 'Sindrom Dendy Walcer'),
(1422, 'Q05.9', 'Meningocelle'),
(1423, 'Q05.9', 'Spina Bepida?'),
(1424, 'Q06.0', 'Abses Cerebri'),
(1425, 'Q11.1', 'Anoptalmia'),
(1426, 'Q12.0', 'Catarac'),
(1427, 'Q15.0', 'Glaucoma Congenital'),
(1428, 'Q18.1', 'Cysta Preauriculer'),
(1429, 'Q18.1', 'Cysta Retro Kurikuler'),
(1430, 'Q18.1', 'Sinus Preacular'),
(1431, 'Q18.4', 'Macrostamia'),
(1432, 'Q21.1', 'Asd ( Atreal Septa Depta )'),
(1433, 'Q21.3', 'Tetralogi Falot'),
(1434, 'Q24.0', 'Dextrocordia'),
(1435, 'Q24.8', 'Ektopic Cordis'),
(1436, 'Q24.9', 'Cynotic Chd'),
(1437, 'Q25.3', 'Aorta Stenosis?'),
(1438, 'Q25.6', 'Polmunal Stenosis'),
(1439, 'Q31.0', 'Laringeal Web'),
(1440, 'Q33.9', 'Cpd'),
(1441, 'Q35.0', 'Anencepalus Ibu'),
(1442, 'Q35.9', 'Labio Palato Baizies'),
(1443, 'Q35.9', 'Palato Sciziz'),
(1444, 'Q36.9', 'Bibir Sumbing'),
(1445, 'Q36.9', 'Labio Genato Suzies'),
(1446, 'Q39.5', 'Achelasia Congenital'),
(1447, 'Q40.0', 'Achelasia Pylorus'),
(1448, 'Q41.0', 'Atresia Ileum'),
(1449, 'Q42.1', 'Atresia Rectum?'),
(1450, 'Q42.3', 'Atresia Ani?'),
(1451, 'Q43.0', 'Diverticula Meckel\'S'),
(1452, 'Q43.1', 'Hischpruag'),
(1453, 'Q43.1', 'Mega Colon Congenital'),
(1454, 'Q43.1', 'Megacolon Congenital'),
(1455, 'Q43.3', 'Malrotasi'),
(1456, 'Q50,5', 'Kista Parovarium'),
(1457, 'Q51.0', 'Labio Mayora'),
(1458, 'Q52.3', 'Imperforata Hymen (Blum Pernah Hamil)'),
(1459, 'Q54.4', 'Hipospadia Penoscrotal'),
(1460, 'Q54.9', 'Hipospadia???'),
(1461, 'Q55.2', 'Retractile Testis'),
(1462, 'Q55.8', 'Micro Urethra Conginital'),
(1463, 'Q64.1', 'Entropia Bulu-Buli'),
(1464, 'Q64.3', 'Stenosis Oni'),
(1465, 'Q66.0', 'Ctev'),
(1466, 'Q66.0', 'Hermoprodite'),
(1467, 'Q66.3', 'Hallux Valgus Congenital'),
(1468, 'Q69.9', 'Polidektili'),
(1469, 'Q70.9', 'Syndaktily'),
(1470, 'Q74.2', 'Sympus'),
(1471, 'Q75.6', 'Exostusis Multiple'),
(1472, 'Q76.4', 'Abses Coxal'),
(1473, 'Q78.6', 'Multiple Exostosis'),
(1474, 'Q79.2', 'Ompalocelle'),
(1475, 'Q79.3', 'Gastro Schizis'),
(1476, 'Q80.2', 'Colodian Baby'),
(1477, 'Q82.0', 'Meiges Syndrom'),
(1478, 'Q82.5', 'Naevus Pigmentasi'),
(1479, 'Q83.8', 'Mama Alberant'),
(1480, 'Q85.0', 'Neuro Fibromatosis'),
(1481, 'Q89,8', 'Kista Cengenital'),
(1482, 'Q89.2', 'Cysta Thyrogiasus'),
(1483, 'Q89.2', 'Lympadepaty Colli'),
(1484, 'Q89.9', 'Anomali Intra Cranial'),
(1485, 'Q89.9', 'Multiple Conginital Anomaly'),
(1486, 'Q90.9', 'Down Syndrom'),
(1487, 'R 00 - R 01', 'Gejala Pada Jantung'),
(1488, 'R 09.2', 'Gagal Napas'),
(1489, 'R 10', 'Nyeri Perut Dan Panggul'),
(1490, 'R 14', 'Flatulence'),
(1491, 'R 33', 'Retensi Urin'),
(1492, 'R 50', 'Demam Yang Sebabnya Tidak Diketahui'),
(1493, 'R 50,9', 'Fuo'),
(1494, 'R 54', 'Senilitas'),
(1495, 'R 56', 'Kejang Ytt'),
(1496, 'R 75', 'Hasil Laboratorium Positif Hiv'),
(1497, 'R 95', 'Sindrom Mati Mendadak Pada Bayi'),
(1498, 'R00.0', 'Tacicandia'),
(1499, 'R00.1', 'Bmdicardia'),
(1500, 'R00.1', 'Sinus Brodycardia'),
(1501, 'R00.2', 'Palpitasi'),
(1502, 'R02', 'Gangren Radix (Gr)'),
(1503, 'R02', 'Gangrene'),
(1504, 'R02', 'Necrosis'),
(1505, 'R04.0', 'Epitaxis'),
(1506, 'R04.2', 'Hemaptoe'),
(1507, 'R06.0', 'Sesak'),
(1508, 'R06.6', 'Hiccup'),
(1509, 'R06.8', 'Apnea'),
(1510, 'R06.8', 'Apneic Spell'),
(1511, 'R07.4', 'Chest Pain'),
(1512, 'R07.4', 'Nyeri Dada'),
(1513, 'R09.0', 'Asphixia'),
(1514, 'R10', 'Epigastro Pain'),
(1515, 'R10.0', 'Acut Abdomen'),
(1516, 'R10.1', 'Gipastrik Pain'),
(1517, 'R10.4', 'Abdominal Pain'),
(1518, 'R10.4', 'Colic Abdomen'),
(1519, 'R10.4', 'Colic Abdomen'),
(1520, 'R10.4', 'Pain Abdominal'),
(1521, 'R11', 'Emesis'),
(1522, 'R13', 'Disfagia'),
(1523, 'R14', 'Distension Abdomen'),
(1524, 'R14', 'Kembung'),
(1525, 'R14', 'Meteorismus ( Perut Kembung)?'),
(1526, 'R16.0', 'Hematomegali'),
(1527, 'R16.2', 'Hepatos Plenomegali'),
(1528, 'R17', 'Icterus?'),
(1529, 'R18', 'Ascites'),
(1530, 'R19.8/Z33', 'Inpartu'),
(1531, 'R23.0', 'Cyanosis'),
(1532, 'R25.2', 'Tismus'),
(1533, 'R31', 'Hematuria'),
(1534, 'R33', 'Retantio Urine'),
(1535, 'R38', 'Infeksi Umbilicus'),
(1536, 'R40.2', 'Coma'),
(1537, 'R41.0', 'Comfusi'),
(1538, 'R47.0', 'Apasia'),
(1539, 'R48.0', 'Gangguan Belajar?'),
(1540, 'R49.0', 'Dysphonia'),
(1541, 'R50.9', 'Hiperpirakia'),
(1542, 'R50.9', 'Obs Febris'),
(1543, 'R51', 'Cepalgia'),
(1544, 'R51', 'Headache'),
(1545, 'R53', 'Astenea?'),
(1546, 'R55', 'Syncope'),
(1547, 'R56,0', 'Kejang Demam'),
(1548, 'R56,8', 'Kejang?'),
(1549, 'R56.8', 'Convulsi ( Kejang)'),
(1550, 'R57.0', 'Cardiogenic Syok'),
(1551, 'R57.0', 'Sock Cardiogenic'),
(1552, 'R57.1', 'Shock Hyvopelemic'),
(1553, 'R58', 'Hemorhage??'),
(1554, 'R58', 'Pendarahan Intra Abdomen'),
(1555, 'R58', 'Haemorrhage, Not Elsewhere Classified( Pendarahan)'),
(1556, 'R59.1', 'Lympadenpaty Sup Mandibula'),
(1557, 'R60.1', 'Edema Anasorhe'),
(1558, 'R62.8', 'Deloyed Depelopment'),
(1559, 'R63.0', 'Anorexia'),
(1560, 'R73.9', 'Hipergilikemia'),
(1561, 'R79.8', 'Azotermia'),
(1562, 'R90.0', 'Sop'),
(1563, 'R900', 'Sol'),
(1564, 'R96.0', 'Suden Death'),
(1565, 'S 02', 'Fraktur Tengkorak Dan Tulang Muka'),
(1566, 'S 02,4', 'Fr Zygoma'),
(1567, 'S 05', 'Cedera Mata Dan Orbita'),
(1568, 'S 06', 'Cedera Intrakranial'),
(1569, 'S 26 - S 27', 'Cedera Alat Dalam Lainnya'),
(1570, 'S 32,2', 'Fr. Oxygeus'),
(1571, 'S 32,4', 'Fr Acetabulus'),
(1572, 'S 32,5', 'Fr Remus Inferlor/Superlor, Pubis'),
(1573, 'S 52,0', 'Fraktur Elbow'),
(1574, 'S 62,3', 'Fraktur Matacarpai'),
(1575, 'S 72', 'Fraktur Paha'),
(1576, 'S 82,2,1', 'Open Fr Cruris'),
(1577, 'S 82,8', 'Fraktur Ankie'),
(1578, 'S 92,3', 'Fr Fedis'),
(1579, 'S02.0', 'Fraktur Frontalis/Pariental'),
(1580, 'S02.1', 'Fraktur Basis Cranil/Okipitalis'),
(1581, 'S02.1', 'Fraktur Temporal'),
(1582, 'S02.2', 'Faktur Hidung/Nasi'),
(1583, 'S02.4', 'Fraktur Maxilla'),
(1584, 'S02.6', 'Fraktur Mandibula'),
(1585, 'S02.8', 'Fraktur Alveolis'),
(1586, 'S03.0', 'Dislokasi Mandibula'),
(1587, 'S03.0', 'Dislokasi Tmj'),
(1588, 'S05.1', 'Hipema Traumatic'),
(1589, 'S05.2', 'Lacerasi Eye/Cornea Tampaprolapsa'),
(1590, 'S05.2', 'Prolaps Iris'),
(1591, 'S05.2', 'Reptur Cornea Dengan Prolap'),
(1592, 'S05.3', 'Lecerasi Cerebri'),
(1593, 'S05.3', 'Reptur Bola Mata'),
(1594, 'S05.3', 'Reptur Cornea Tampa Prolaps'),
(1595, 'S05.3', 'Ruptur Sclera'),
(1596, 'S05.8', 'Contusio Mata'),
(1597, 'S05.8', 'Reftur Palpebra'),
(1598, 'S06.0', 'Contusio Cerebril/Cks/Ckr'),
(1599, 'S06.2', 'Contusio Cerebri /Ckb'),
(1600, 'S06.2', 'Ich Multiple'),
(1601, 'S06.2', 'Left Heard Failure Lhf'),
(1602, 'S06.3', 'Intra Cranial Bleeding Traumatik'),
(1603, 'S06.4', 'Edh ( Epidural Hematoma)'),
(1604, 'S06.4', 'Epidoral Hematoma'),
(1605, 'S06.5', 'Hematoma Subdural'),
(1606, 'S08.8', 'Cepalhematoma Bayi Traumatik'),
(1607, 'S09.2', 'Reptur Uretra Traumatik'),
(1608, 'S09.9', 'Hematoma Dahi Kiri'),
(1609, 'S12.9', 'Fraktur Cervical'),
(1610, 'S20.2', 'Contusio Torax'),
(1611, 'S21.0', 'Corpus Alineum Peluru'),
(1612, 'S22.3', 'Fraktur Rib Lga'),
(1613, 'S27.1', 'Hemato Pnemo Thorax'),
(1614, 'S27.1', 'Hemato Traumatik'),
(1615, 'S29.9', 'Corpus Alineumthoacal (Punggung)'),
(1616, 'S30.2', 'Contusio Penis'),
(1617, 'S31.1', 'Open Wourd Abdomen Wall'),
(1618, 'S31.4', 'Lacerasi Vulva'),
(1619, 'S31.4', 'Refture Vagina'),
(1620, 'S31.4', 'Robekan Jalan Lahir'),
(1621, 'S31.8', 'Lacerasi Anus'),
(1622, 'S31.8', 'Open Wound Prut'),
(1623, 'S31.8', 'Scizur Abdomen Penetrane'),
(1624, 'S32.0', 'Fraktur Lumbar/L2'),
(1625, 'S32.2', 'Fraktur Cosial/Coxle'),
(1626, 'S32.2.1', 'Fraktur Costal/Coxle Open'),
(1627, 'S32.5', 'Fraktur Os Pubis'),
(1628, 'S32.8', 'Fraktur Pelvis'),
(1629, 'S33.2', 'Dislokasi Panggul Kiri'),
(1630, 'S34.3', 'Contusio Modula Spinalis'),
(1631, 'S36.1', 'Reptur Hepas?'),
(1632, 'S36.2', 'Reptun Pancereas Traumatik'),
(1633, 'S37.0', 'Contusio Renis'),
(1634, 'S37.0', 'Rufture Lenkideney/ Gijal'),
(1635, 'S39.0', 'Trauma Pelvis'),
(1636, 'S42.0', 'Fraktur Clavicula'),
(1637, 'S42.0.0', 'Fraktur Clavicula Close'),
(1638, 'S42.1', 'Fraktur Scapula?'),
(1639, 'S42.3', 'Fraktur Humarius'),
(1640, 'S42.3.1', 'Fraktur Humarius Open'),
(1641, 'S43.0', 'Dislokasi Bahu/Humerus'),
(1642, 'S52.0', 'Fraktur Montigia'),
(1643, 'S52.0', 'Fraktur Okanon'),
(1644, 'S52.0', 'Fraktur Radius Antebrichis?'),
(1645, 'S52.2', 'Fraktur Ulna'),
(1646, 'S52.5', 'Fraktur Colles'),
(1647, 'S52.5', 'Fraktur Sinithis'),
(1648, 'S53.1', 'Dislokasi Elbow/Siku'),
(1649, 'S54.9', 'Infeksi Gonocolle'),
(1650, 'S56.1', 'Reftur Tendon Flexon Digit'),
(1651, 'S62.8', 'Fraktur Wist'),
(1652, 'S71.1', 'Open Wourd Tigh Paha'),
(1653, 'S72.1', 'Fraktur Trocanta?'),
(1654, 'S72.9', 'Fraktur Femur?'),
(1655, 'S73.0', 'Dislokasi Hip'),
(1656, 'S81.0', 'Open Wourd Knee'),
(1657, 'S82.0', 'Fraktur Patella /Genu'),
(1658, 'S82.2', 'Fraktur Tibia'),
(1659, 'S82.3', 'Fraktur Cruris Distal'),
(1660, 'S82.4', 'Fraktur Fibula'),
(1661, 'S82.8', 'Fraktur Bimaleolar'),
(1662, 'S82.8', 'Fraktur Maleolus'),
(1663, 'S83.1', 'Dislokasi Lutut'),
(1664, 'S86.0', 'Reptur Injuri Tendon Aciles'),
(1665, 'S91.1', 'Fraktur Talus'),
(1666, 'S92.0', 'Fraktur Calcaneus'),
(1667, 'S92.1', 'Fraktur Weber'),
(1668, 'S92.5', 'Fraktur Metatarual'),
(1669, 'S92.5', 'Fraktur Phalink'),
(1670, 'S93.0', 'Dislokasi Ankle'),
(1671, 'S95.9', 'Crush Injuri Cruris'),
(1672, 'S97.8', 'Crush Foot'),
(1673, 'S98.1', 'Amputasi Jari Kaki Satu'),
(1674, 'T 02', 'Fraktur Meliputi Daerah Badan Multipel'),
(1675, 'T 16', 'Benda Asing Pada Telinga'),
(1676, 'T 20 - T 32', 'Luka Bakar Dan Korosi'),
(1677, 'T 36 - T 50', 'Keracunan Obat Dan Preparat Biologik'),
(1678, 'T 52', 'Keracunan Pelarut Organik'),
(1679, 'T 56', 'Keracunan Logam'),
(1680, 'T 59', 'Keracunan Gas, Asap Dan Uap Lain'),
(1681, 'T 60', 'Keracunan Pestisida'),
(1682, 'T 66', 'Efek Radiasi Ytt'),
(1683, 'T 67', 'Efek Panas Dan Pencahayaan'),
(1684, 'T 70', 'Efek Tekanan Udara Dan Tekanan Air'),
(1685, 'T 74', 'Sindrom Salah Perlakuan'),
(1686, 'T 79 - T 88', 'Penyulit Awal Trauma Tertentu Dan Penyulit Pembedahan Dan Perawatan Ytk Di Tempat Lain'),
(1687, 'T 81', 'Fistal Post Op'),
(1688, 'T 90 - T 98', 'Gejala Sisa Cedera, Keracunan Dan Akibat Lanjut Sebab Luar'),
(1689, 'T02.9', 'Fraktur Multiple'),
(1690, 'T06.4', 'Multiple Contusio Muscolorum'),
(1691, 'T14.0', 'Excoriasis'),
(1692, 'T14.0', 'Hematoma?'),
(1693, 'T14.0', 'Insect Bite'),
(1694, 'T14.1', 'Laceratum'),
(1695, 'T14.2', 'Compresion'),
(1696, 'T14.2', 'Fraktur Comperesion'),
(1697, 'T14.3', 'Dislokasi'),
(1698, 'T14.4', 'Diffuse Axonal Injury'),
(1699, 'T14.6', 'Contusio Muscolorum'),
(1700, 'T14.6', 'Contusio Otot Leher'),
(1701, 'T14.6', 'Reptur Tendon'),
(1702, 'T14.6', 'Ruftur Muscolorum'),
(1703, 'T14.7', 'Avulsion'),
(1704, 'T14.9', 'Injury'),
(1705, 'T17.1', 'Aspirasi Hidung?'),
(1706, 'T17.1', 'Cirosis Alineum Cav.Nasi'),
(1707, 'T17.2', 'Corpus Alienum Hipoparing'),
(1708, 'T17.5', 'Corpus Alineum Broncus?'),
(1709, 'T17.9', 'Aspirasi Minyak T /Bd.Asing/Food'),
(1710, 'T18.0', 'Pendarahan Post Op'),
(1711, 'T21', 'Burt Abdomen'),
(1712, 'T22.1', 'Combustio Lengan?'),
(1713, 'T31.1', 'Combustio Grade 10-19%'),
(1714, 'T31.3', 'Combustio Grade 30-39%'),
(1715, 'T31.6', 'Combustio Grade 60-69%'),
(1716, 'T31.7', 'Combustio Grade 70-79%'),
(1717, 'T39.1', 'Intocikasi Bodrex'),
(1718, 'T43.3', 'Drug Induce Halopridal'),
(1719, 'T50.9', 'Over Dosis'),
(1720, 'T60.4', 'Intoxicasi Racun Tikus'),
(1721, 'T63.0', 'Snake Bite'),
(1722, 'T63.4', 'Insect Bite'),
(1723, 'T66', 'Hifopermia'),
(1724, 'T67.0', 'Heat Struke'),
(1725, 'T75.1', 'Drowning'),
(1726, 'T75.3', 'Motion Sicknese'),
(1727, 'T75.4', 'Elektrik Shook'),
(1728, 'T78.2', 'Reaksi Anaphilactic'),
(1729, 'T78.2', 'Shock Anaphylatic'),
(1730, 'T78.3', 'Angioauritic Alergi'),
(1731, 'T78.4', 'Alergi'),
(1732, 'T79.3', 'Luka Empeksi'),
(1733, 'T79.4', 'Hipovolamik Syok'),
(1734, 'T81.4', 'Abses Post Op/Luka Oprasi'),
(1735, 'T81.4', 'Infeksi Luka Oprasi (Ilo)'),
(1736, 'T85.3', 'Prolaps Mata?'),
(1737, 'T87.5', 'Necrasis Palax /Brachl'),
(1738, 'T88,1', 'Kipi (Komplikasi Ikutan Pasca Imuisasi)'),
(1739, 'T88.7', 'Drugindiced Hepatitis'),
(1740, 'T88.7', 'Intosikesi'),
(1741, 'V01.9', 'Jalan Kaki Ditabrak Motor'),
(1742, 'V03.1', 'Ditabrak Mobil Dari Belakang Sedang Jalan'),
(1743, 'V03.4', 'Jalan Kaki Ditabrak Mobil'),
(1744, 'V18.9', 'Jatuh Dari Sepeda'),
(1745, 'V28.9', 'Jatuh Dari Motor'),
(1746, 'V29,9', 'Kll'),
(1747, 'V38,1', 'Kaki Masuk Jeruji Motor'),
(1748, 'V38.1', 'Jatuh Dari Cidomo'),
(1749, 'V47', 'Menabrak Pohon'),
(1750, 'V48.6', 'Jatuh Dari Mobil Di Jalan Raya'),
(1751, 'V48.6', 'Jatuh Terguling Dari Mobil'),
(1752, 'V58.0', 'Jatuh Dari Truck'),
(1753, 'W 00 - W 19', 'Jatuh'),
(1754, 'W 27', 'Kena Jarum'),
(1755, 'W 34,0', 'Kena Tembak'),
(1756, 'W 42', 'Pemaparan Bising'),
(1757, 'W 43', 'Pemaparan Getaran?'),
(1758, 'W 65 - W 74', 'Kecelakaan Tenggelam Dan Terbenam'),
(1759, 'W 88', 'Pemaparan Radiasi Pengion'),
(1760, 'W 89', 'Pemaparan Sinar Ultra Violet Dan Man-Mide Visible'),
(1761, 'W 90', 'Pemaparan Radiasi Pengion Lain'),
(1762, 'W 91', 'Pemaparan Radiasi Ytt'),
(1763, 'W01.0', 'Jatuh Dibawah'),
(1764, 'W06.0', 'Jatuh Dari Tempat Tidur'),
(1765, 'W07.0', 'Jatuh Dari Korsi?'),
(1766, 'W11.0', 'Jatuh Dari Tangga?'),
(1767, 'W13.0', 'Jatuh Dari Rumah /Bangunan'),
(1768, 'W14.0', 'Jatuh Dari Pohon'),
(1769, 'W17.0', 'Jatuh Kesumur'),
(1770, 'W18.0', 'Jatuh Dari Kamar Mandi?'),
(1771, 'W19.0', 'Jatuh'),
(1772, 'W20', 'Kejatuhan Benda'),
(1773, 'W20,0', 'Kena Lempar Buku'),
(1774, 'W20,8', 'Kena Pancing'),
(1775, 'W20.0', 'Tertimpa Besi'),
(1776, 'W21', 'Kena Kayu'),
(1777, 'W22', 'Menabrak Dinding'),
(1778, 'W22,0', 'Kena Kawat/Besi'),
(1779, 'W22,0', 'Kena Paku'),
(1780, 'W26,0', 'Kena Pisau/Pedang'),
(1781, 'W27', 'Kena Kapak'),
(1782, 'W29,0', 'Kena Peluru Nyasar'),
(1783, 'W31', 'Kena Mesin Giling'),
(1784, 'W34.0', 'Ditembak'),
(1785, 'W36.0', 'Ledakan Tabung Gas'),
(1786, 'W44,0', 'Kemasukan Biji Di Telingga'),
(1787, 'W44.0', 'Menelan Uang Logam'),
(1788, 'W45.0', 'Dibacok/Ditebas/Ditusuk Maling'),
(1789, 'W51.2', 'Jatuh Disekolah Sox Ditabrak Teman'),
(1790, 'W54.0', 'Digigit Anjing ( Dogbite)'),
(1791, 'W57', 'Masuk Lintah'),
(1792, 'W64.9', 'Diseruduk Kerbau'),
(1793, 'W70.0', 'Tenggelam Dikali'),
(1794, 'W87,0', 'Kestrum'),
(1795, 'X 45', 'Keracunan Akibat Pemaparan Alkohol'),
(1796, 'X 46', 'Keracunan Akibat Pemaparan Pelarut Organik & Hidrokarbon Serta Uapnya'),
(1797, 'X 47', 'Keracunan Akibat Pemaparan Gas-Gas & Uap-Uap Lainnya'),
(1798, 'X 48', 'Keracunan Akibat Pemaparan Pestisida'),
(1799, 'X 49', 'Keracunan Akibat Pemaparan Bahan Beracun Berbahaya Lainnya'),
(1800, 'X 50', 'Gangguan Gerakan??Berulang-Ulang Dengan Kekuatan Berlebih'),
(1801, 'X 60 - X 69', 'Sengaja Mencederai Diri Dengan Bahan Beracun'),
(1802, 'X 70 - X 84', 'Sengaja Mencederai Diri Lainnya'),
(1803, 'X 85 - Y 09', 'Dicederai'),
(1804, 'X02,0', 'Kompor Meledak /Kena Api Kompor'),
(1805, 'X09,0', 'Kebekeran Rumah'),
(1806, 'X10', 'Kena Minyak Panas'),
(1807, 'X11,0', 'Kena Air Panas'),
(1808, 'X25.0', 'Impressi Fr.Os Frontal'),
(1809, 'X58', 'Kena Ranting Pohon'),
(1810, 'X70', 'Bunuh Diri Dengan Menusuk Badan?'),
(1811, 'X76.0', 'Bunuh Diri Dengan Membakar Diri?'),
(1812, 'Y 08', 'Fraktur Vetebrata'),
(1813, 'Y 40 - Y 59', 'Efek Samping Pengguna Obat, Bahan Obat Dan Bahan Biologik'),
(1814, 'Y 60 - Y 84', 'Kesalahan Pada Pasien Selama Perawatan Medis Non Bedah'),
(1815, 'Y 96', 'Gangguan Kesehatan Yang Berhubungan Dengan??'),
(1816, 'Y04', 'Berkelahi'),
(1817, 'Y04', 'Dipikul'),
(1818, 'Y04.0', 'Dikeroyok'),
(1819, 'Z 00.0', 'Pemeriksaan Kesehatan Umum'),
(1820, 'Z 00.1', 'Pemeriksaan Kesehatan Bayi Dan Anak Secara Rutin'),
(1821, 'Z 00.2 - Z 13', 'Orang Yang Mendapatkan Pelayanan Kesehatan Untuk Pemeriksaan Khusus Dan Investigasi Lainnya'),
(1822, 'Z 21', 'Keadaan Infeksi Hiv Asimtomatik'),
(1823, 'Z 23. 2', 'Imunisasi Bcg'),
(1824, 'Z 23. 5', 'Imunisasi Tetanus'),
(1825, 'Z 24. 0', 'Imunisasi Poliomielitis'),
(1826, 'Z 24. 2', 'Imunisasi Rabies'),
(1827, 'Z 24. 4', 'Imunisasi Campak'),
(1828, 'Z 24. 6', 'Imunisasi Hepatitis Virus'),
(1829, 'Z 27. 1', 'Imunisasi Gabungan Dpt (Difteri, Pertusis, Tetanus)'),
(1830, 'Z 30', 'Pengelolaan Kontrasepsi'),
(1831, 'Z 34', 'Pengawasan Kehamilan Normal'),
(1832, 'Z 35', 'Pengawasan Kehamilan Dengan Risiko Tinggi'),
(1833, 'Z 36', 'Seleksi Antenatal'),
(1834, 'Z 38', ''),
(1835, 'Z 39', 'Perawatan Dan Pemeriksaan Pasca Persalinan'),
(1836, 'Z 41.2', 'Khitanan Menurut Agama Dan Adat Kebiasaan'),
(1837, 'Z 46.0', 'Pemasangan Dan Penyesuaian Kacamata Dan Lensa Kontak'),
(1838, 'Z 46.3', 'Pemasangan Dan Penyesuaian Gigi Palsu'),
(1839, 'Z 50', 'Pelayanan Yang Melibatkan Gangguan Prosedur Prosedur Rehabilitasi'),
(1840, 'Z01.4', 'Gyneko Ekologi'),
(1841, 'Z30,9', 'Kb Suntik'),
(1842, 'Z30.1', 'Pasang Sepiral'),
(1843, 'Z30.5', 'Buka Spiral'),
(1844, 'Z30.5', 'Iud'),
(1845, 'Z31.2', 'Aseptor Implant'),
(1846, 'Z33', 'Bayi Belum Lahir ( Infartu)'),
(1847, 'Z35.4', 'Grande Multipara'),
(1848, 'Z38.0', 'Bayi Normal'),
(1849, 'Z39.0', 'Menunggu Bayi'),
(1850, 'Z41.2', 'Sircumsisi'),
(1851, 'Z47.0', 'Buka Pen'),
(1852, 'Z64.1', 'Multipara'),
(1853, 'Z90.7', 'Pasca Oferictomi'),
(1854, 'Z91.5', 'Percoban Bunuh Diri ( Gantung Diri)'),
(1855, 'Z91.5', 'Resiko Ifeksi'),
(1856, 'Z93.1', 'Pseudophkia'),
(1857, 'Z93.3', 'Post Sigmoidectomy'),
(1858, 'Z93.3', 'Post Vcolostomy'),
(1859, 'Z98.8', 'Post Op Apendictomy'),
(1860, 'Z98.9', 'Post Op Strumectomy');

-- --------------------------------------------------------

--
-- Table structure for table `tb_dokter`
--

CREATE TABLE `tb_dokter` (
  `kd_dokter` varchar(30) NOT NULL,
  `nm_dokter` varchar(300) NOT NULL,
  `tmp_lhr` varchar(300) NOT NULL,
  `tlp` varchar(14) NOT NULL,
  `alamat` varchar(300) NOT NULL,
  `biaya_pemeriksaan` int(25) NOT NULL
) ENGINE=InnoDB DEFAULT CHARSET=latin1;

--
-- Dumping data for table `tb_dokter`
--

INSERT INTO `tb_dokter` (`kd_dokter`, `nm_dokter`, `tmp_lhr`, `tlp`, `alamat`, `biaya_pemeriksaan`) VALUES
('D001', 'Tri Indriani', 'Pekanbaru', '082267543890', 'Jalan Purwodadi, Sidomulyo Barat, Tampan-Panam, Pekanbaru', 100000);

-- --------------------------------------------------------

--
-- Table structure for table `tb_obat`
--

CREATE TABLE `tb_obat` (
  `kd_obat` varchar(30) NOT NULL,
  `nm_obat` varchar(300) NOT NULL,
  `satuan` varchar(20) NOT NULL,
  `isi` int(11) NOT NULL,
  `stok` int(11) NOT NULL,
  `harga_beli` int(11) NOT NULL,
  `harga_jual` int(11) NOT NULL,
  `profit` int(11) NOT NULL,
  `batas_min` int(100) NOT NULL
) ENGINE=InnoDB DEFAULT CHARSET=latin1;

--
-- Dumping data for table `tb_obat`
--

INSERT INTO `tb_obat` (`kd_obat`, `nm_obat`, `satuan`, `isi`, `stok`, `harga_beli`, `harga_jual`, `profit`, `batas_min`) VALUES
('OBT00001', 'PARACETAMOL', 'STRIP', 1, 19, 3000, 5000, 2000, 20),
('OBT00002', 'BALJITOT 50ML', 'BOTOL', 1, 19, 3000, 6000, 3000, 10),
('OBT00003', 'Ambroxol', 'STRIP', 1, 14, 2500, 3500, 1000, 10),
('OBT00004', 'Molex Flue', 'STRIP', 10, 18, 5000, 7000, 2000, 25),
('OBT00005', 'Aminofilin', 'STRIP', 8, 29, 5000, 8000, 3000, 25);

-- --------------------------------------------------------

--
-- Table structure for table `tb_pasien`
--

CREATE TABLE `tb_pasien` (
  `no_pasien` varchar(20) NOT NULL,
  `nm_pasien` varchar(300) NOT NULL,
  `nik` int(30) NOT NULL,
  `j_kel` varchar(100) NOT NULL,
  `pekerjaan` varchar(100) NOT NULL,
  `agama` varchar(100) NOT NULL,
  `alamat` varchar(300) NOT NULL,
  `tgl_lhr` date NOT NULL,
  `usia` varchar(20) NOT NULL,
  `no_tlp` varchar(20) NOT NULL,
  `status` varchar(10) NOT NULL DEFAULT 'Belum',
  `tgldaftar` date NOT NULL
) ENGINE=InnoDB DEFAULT CHARSET=latin1;

--
-- Dumping data for table `tb_pasien`
--

INSERT INTO `tb_pasien` (`no_pasien`, `nm_pasien`, `nik`, `j_kel`, `pekerjaan`, `agama`, `alamat`, `tgl_lhr`, `usia`, `no_tlp`, `status`, `tgldaftar`) VALUES
('PSN00001', 'Ryan', 13765643, 'L', 'Mahsiswa', 'Islam', 'Perumahan BRP', '2000-03-08', '22', '082345678908', 'Sudah', '2022-09-06'),
('PSN00002', 'Faris', 14321678, 'L', 'Dosen', 'Kristen', '    Panam', '2003-02-04', '21', '087656789876', 'Sudah', '2022-09-06'),
('PSN00003', 'Rani', 13234532, 'P', 'Mahasiswa', 'Islam', '    Perum Sidomulyo Barat', '1999-02-09', '23', '082543234567', 'Sudah', '2022-09-20'),
('PSN00004', 'Farhan', 14678764, 'L', 'Dosen', 'Islam', '\r\n    Perum Garuda Sakti', '1986-03-25', '36', '082315679067', 'Sudah', '2022-09-22'),
('PSN00005', 'Roza', 15432790, 'P', 'Dosen', 'Islam', '\r\n    Perumahan BRP', '1980-11-05', '42', '082346543125', 'Sudah', '2022-09-22'),
('PSN00006', 'Budi', 14326732, 'L', 'Tukang', 'Islam', '    Perumahan BRP', '1990-03-01', '32', '082246578905', 'Sudah', '2022-10-16'),
('PSN00007', 'Riko', 13453478, 'L', 'Pelajar', 'Islam', '    Perumahan BRP', '2005-04-28', '17', '082345322178', 'Sudah', '2022-11-19'),
('PSN00008', 'Udin', 1234567876, 'L', 'Dosen', 'Kristen', '\r\n    Perum Garuda Sakti', '2023-04-04', '1', '098765', 'Sudah', '2023-04-24');

-- --------------------------------------------------------

--
-- Table structure for table `tb_pembelian_detail`
--

CREATE TABLE `tb_pembelian_detail` (
  `id` int(11) NOT NULL,
  `tgl` date NOT NULL,
  `kd_obat` varchar(10) NOT NULL,
  `jumlah` int(11) NOT NULL
) ENGINE=InnoDB DEFAULT CHARSET=utf8mb4;

--
-- Dumping data for table `tb_pembelian_detail`
--

INSERT INTO `tb_pembelian_detail` (`id`, `tgl`, `kd_obat`, `jumlah`) VALUES
(1, '2022-09-06', 'OBT00002', 20),
(3, '2022-10-08', 'OBT00001', 50);

--
-- Triggers `tb_pembelian_detail`
--
DELIMITER $$
CREATE TRIGGER `hapusobat` AFTER DELETE ON `tb_pembelian_detail` FOR EACH ROW BEGIN
UPDATE tb_obat
set stok=stok-OLD.jumlah
where kd_obat=OLD.kd_obat;
END
$$
DELIMITER ;
DELIMITER $$
CREATE TRIGGER `tambahobat` AFTER INSERT ON `tb_pembelian_detail` FOR EACH ROW BEGIN
update tb_obat
set stok=stok+NEW.jumlah
where kd_obat=NEW.kd_obat;
END
$$
DELIMITER ;

-- --------------------------------------------------------

--
-- Table structure for table `tb_pengeluaran`
--

CREATE TABLE `tb_pengeluaran` (
  `id` int(11) NOT NULL,
  `tanggal_pengeluaran` date NOT NULL,
  `jml_pengeluaran` int(20) NOT NULL,
  `keterangan` varchar(250) NOT NULL
) ENGINE=InnoDB DEFAULT CHARSET=utf8mb4;

--
-- Dumping data for table `tb_pengeluaran`
--

INSERT INTO `tb_pengeluaran` (`id`, `tanggal_pengeluaran`, `jml_pengeluaran`, `keterangan`) VALUES
(1, '2022-10-19', 500000, 'Pembelian Obat');

-- --------------------------------------------------------

--
-- Table structure for table `tb_pengeluaran_detail`
--

CREATE TABLE `tb_pengeluaran_detail` (
  `id` int(11) NOT NULL,
  `tgl` date NOT NULL,
  `kd_obat` varchar(10) NOT NULL,
  `jumlah` int(11) NOT NULL,
  `ket` varchar(100) NOT NULL
) ENGINE=InnoDB DEFAULT CHARSET=utf8mb4;

--
-- Dumping data for table `tb_pengeluaran_detail`
--

INSERT INTO `tb_pengeluaran_detail` (`id`, `tgl`, `kd_obat`, `jumlah`, `ket`) VALUES
(1, '2022-09-06', 'OBT00004', 50, 'kadaluarsa'),
(2, '2022-10-08', 'OBT00003', 10, 'kadaluarsa'),
(3, '2022-10-11', 'OBT00001', 10, 'kadaluarsa');

--
-- Triggers `tb_pengeluaran_detail`
--
DELIMITER $$
CREATE TRIGGER `hapusobatkeluar` AFTER DELETE ON `tb_pengeluaran_detail` FOR EACH ROW BEGIN
UPDATE tb_obat
set stok=stok+OLD.jumlah
where kd_obat=OLD.kd_obat;
END
$$
DELIMITER ;
DELIMITER $$
CREATE TRIGGER `obatkeluar` AFTER INSERT ON `tb_pengeluaran_detail` FOR EACH ROW BEGIN
update tb_obat
set stok=stok-NEW.jumlah
where kd_obat=NEW.kd_obat;
END
$$
DELIMITER ;

-- --------------------------------------------------------

--
-- Table structure for table `tb_pengguna`
--

CREATE TABLE `tb_pengguna` (
  `id` int(11) NOT NULL,
  `username` varchar(100) NOT NULL,
  `nama` varchar(100) NOT NULL,
  `password` varchar(100) NOT NULL,
  `level` varchar(20) NOT NULL
) ENGINE=InnoDB DEFAULT CHARSET=latin1;

--
-- Dumping data for table `tb_pengguna`
--

INSERT INTO `tb_pengguna` (`id`, `username`, `nama`, `password`, `level`) VALUES
(2, 'admin', 'Admin', 'admin', 'admin'),
(3, 'petugas', 'Petugas', 'petugas', 'petugas'),
(4, 'dokter', 'Dokter', 'dokter', 'dokter'),
(5, 'apoteker', 'Apoteker', 'apoteker', 'apoteker');

-- --------------------------------------------------------

--
-- Table structure for table `tb_rekam_medis`
--

CREATE TABLE `tb_rekam_medis` (
  `id` int(11) NOT NULL,
  `no_rm` varchar(30) NOT NULL,
  `no_pasien` varchar(20) NOT NULL,
  `diagnosa` varchar(300) NOT NULL,
  `tgl_pemeriksaan` date NOT NULL,
  `ket` text NOT NULL,
  `catatan` varchar(200) NOT NULL,
  `status` varchar(30) NOT NULL,
  `statusobat` varchar(30) NOT NULL,
  `kd_dokter` varchar(10) NOT NULL
) ENGINE=InnoDB DEFAULT CHARSET=latin1;

--
-- Dumping data for table `tb_rekam_medis`
--

INSERT INTO `tb_rekam_medis` (`id`, `no_rm`, `no_pasien`, `diagnosa`, `tgl_pemeriksaan`, `ket`, `catatan`, `status`, `statusobat`, `kd_dokter`) VALUES
(2, 'ID-3511924695', 'PSN00001', 'A360', '2022-09-06', 'DIFTERI', '', 'Selesai', 'Lunas', 'D001'),
(3, 'ID-5536922403', 'PSN00003', 'A360', '2022-09-08', 'DIFTERI', '', 'Selesai', 'Lunas', 'D001'),
(4, 'ID-3411439800', 'PSN00001', 'A186', '2022-09-08', 'OMSK TBC', '', 'Selesai', 'Lunas', 'D001'),
(5, 'ID-2711282031', 'PSN00003', 'A360', '2022-09-20', 'DIFTERI', '', 'Selesai', 'Lunas', 'D001'),
(6, 'ID-4731504978', 'PSN00002', 'A186', '2022-09-21', 'OMSK TBC', '', 'Selesai', 'Lunas', 'D001'),
(7, 'ID-0402560222', 'PSN00001', 'A 03', '2022-09-21', 'Sigelosis', '', 'Selesai', 'Lunas', 'D001'),
(8, 'ID-8598369389', 'PSN00004', 'A 03', '2022-09-22', 'Sigelosis', '', 'Selesai', 'Lunas', 'D001'),
(9, 'ID-0303302807', 'PSN00002', 'A 17.0', '2022-09-22', 'Meningitis Tuberkulosa', '', 'Selesai', 'Lunas', 'D001'),
(10, 'ID-8894236309', 'PSN00005', 'A 91', '2022-09-22', 'Demam Berdarah Dengue', '', 'Selesai', 'Lunas', 'D001'),
(11, 'ID-2351037144', 'PSN00002', 'A 00', '2022-09-30', 'Kolera', '', 'Selesai', 'Lunas', 'D001'),
(12, 'ID-0699613522', 'PSN00005', 'A 00', '2022-10-05', 'Kolera', '', 'Selesai', 'Lunas', 'D001'),
(13, 'ID-2052829583', 'PSN00001', '-', '2022-10-08', '-', '', 'Dalam Antrian', 'Belum Bayar', 'D001'),
(14, 'ID-3701467566', 'PSN00001', 'A 01', '2022-10-08', 'Demam Tifoid Dan Paratifoid', '', 'Selesai', 'Lunas', 'D001'),
(18, 'ID-8835065736', 'PSN00005', 'A 00', '2022-10-10', 'Kolera', '', 'Selesai', 'Lunas', 'D001'),
(19, 'ID-4372413324', 'PSN00003', 'A 03', '2022-10-11', 'Sigelosis', 'penyakit berbahaya', 'Selesai', 'Lunas', 'D001'),
(20, 'ID-1713795210', 'PSN00004', '-', '2022-10-11', '-', '-', 'Dalam Antrian', 'Belum Bayar', 'D001'),
(21, 'ID-9827225040', 'PSN00005', '-', '2022-10-11', '-', '-', 'Dalam Antrian', 'Belum Bayar', 'D001'),
(22, 'ID-8124780801', 'PSN00006', 'A 00', '2022-10-17', 'Kolera', '', 'Selesai', 'Lunas', 'D001'),
(23, 'ID-5593795976', 'PSN00004', 'A 01', '2022-10-19', 'Demam Tifoid Dan Paratifoid', 'penyakit berbahaya', 'Selesai', 'Lunas', 'D001'),
(24, 'ID-9464369485', 'PSN00006', 'A 01', '2022-10-20', 'Demam Tifoid Dan Paratifoid', '', 'Selesai', 'Lunas', 'D001'),
(26, 'ID-9599725721', 'PSN00003', 'A 00', '2022-11-14', 'Kolera', '', 'Selesai', 'Lunas', 'D001'),
(27, 'ID-6017016677', 'PSN00007', 'A 03', '2022-11-19', 'Sigelosis', '', 'Selesai', 'Lunas', 'D001'),
(28, 'ID-7475270244', 'PSN00001', 'A 22', '2022-11-21', 'Anthraks', 'Batuk kering tidak berhenti', 'Selesai', 'Lunas', 'D001'),
(29, 'ID-4881413072', 'PSN00005', 'A 01', '2022-12-01', 'Demam Tifoid Dan Paratifoid', '', 'Selesai', 'Lunas', 'D001'),
(30, 'ID-6095888586', 'PSN00001', 'A 01', '2023-03-13', 'Demam Tifoid Dan Paratifoid', '', 'Selesai', 'Lunas', 'D001'),
(31, 'ID-0748870601', 'PSN00005', 'A 01', '2023-03-13', 'Demam Tifoid Dan Paratifoid', '', 'Selesai', 'Lunas', 'D001'),
(32, 'ID-7444942891', 'PSN00008', 'A 01', '2023-04-24', 'Demam Tifoid Dan Paratifoid', 'penyakit berbahaya', 'Selesai', 'Lunas', 'D001');

-- --------------------------------------------------------

--
-- Table structure for table `tb_rekam_medis_detail2`
--

CREATE TABLE `tb_rekam_medis_detail2` (
  `id` int(11) NOT NULL,
  `no_rm` varchar(30) NOT NULL,
  `kd_obat` varchar(10) NOT NULL,
  `jumlah` int(11) NOT NULL,
  `dosis` varchar(10) NOT NULL,
  `tgl_pembelian` date NOT NULL
) ENGINE=InnoDB DEFAULT CHARSET=utf8mb4;

--
-- Dumping data for table `tb_rekam_medis_detail2`
--

INSERT INTO `tb_rekam_medis_detail2` (`id`, `no_rm`, `kd_obat`, `jumlah`, `dosis`, `tgl_pembelian`) VALUES
(1, 'ID-3511924695', 'OBT00001', 1, '1', '2022-09-06'),
(2, 'ID-3511924695', 'OBT00003', 1, '1', '2022-09-06'),
(3, 'ID-3511924695', 'OBT00004', 1, '1', '2022-09-06'),
(4, 'ID-5536922403', 'OBT00001', 2, '3', '2022-09-08'),
(5, 'ID-5536922403', 'OBT00003', 1, '1', '2022-09-08'),
(8, 'ID-2711282031', 'OBT00001', 1, '1', '2022-09-20'),
(9, 'ID-2711282031', 'OBT00003', 1, '1', '2022-09-20'),
(10, 'ID-2711282031', 'OBT00004', 1, '1', '2022-09-20'),
(11, 'ID-4731504978', 'OBT00002', 2, '1', '2022-09-21'),
(12, 'ID-4731504978', 'OBT00004', 2, '1', '2022-09-21'),
(13, 'ID-0402560222', 'OBT00003', 1, '1', '2022-09-21'),
(14, 'ID-0402560222', 'OBT00001', 1, '1', '2022-09-21'),
(15, 'ID-0402560222', 'OBT00004', 1, '1', '2022-09-21'),
(20, 'ID-8598369389', 'OBT00001', 1, '1', '2022-09-22'),
(21, 'ID-8598369389', 'OBT00003', 1, '1', '2022-09-22'),
(22, 'ID-0303302807', 'OBT00003', 2, '2', '2022-09-22'),
(23, 'ID-8894236309', 'OBT00001', 1, '1', '2022-09-22'),
(24, 'ID-8894236309', 'OBT00004', 1, '1', '2022-09-22'),
(25, 'ID-2351037144', 'OBT00001', 1, '1', '2022-09-30'),
(26, 'ID-0699613522', 'OBT00001', 1, '1', '2022-10-05'),
(27, 'ID-0699613522', 'OBT00003', 1, '1', '2022-10-05'),
(28, 'ID-3701467566', 'OBT00001', 1, '3', '2022-10-08'),
(29, 'ID-3701467566', 'OBT00004', 1, '3', '2022-10-08'),
(30, 'ID-3701467566', 'OBT00003', 1, '2', '2022-10-08'),
(31, 'ID-8835065736', 'OBT00001', 1, '1', '2022-10-11'),
(32, 'ID-8835065736', 'OBT00005', 1, '1', '2022-10-11'),
(33, 'ID-8835065736', 'OBT00004', 1, '1', '2022-10-11'),
(34, 'ID-4372413324', 'OBT00001', 1, '1', '2022-10-11'),
(35, 'ID-8124780801', 'OBT00001', 1, '1', '2022-10-17'),
(36, 'ID-8124780801', 'OBT00004', 1, '1', '2022-10-17'),
(37, 'ID-5593795976', 'OBT00003', 1, '1', '2022-10-19'),
(38, 'ID-5593795976', 'OBT00001', 1, '1', '2022-10-19'),
(39, 'ID-9464369485', 'OBT00001', 1, '1', '2022-10-20'),
(40, 'ID-9599725721', 'OBT00001', 1, '1', '2022-11-14'),
(41, 'ID-9599725721', 'OBT00005', 1, '1', '2022-11-14'),
(42, 'ID-9599725721', 'OBT00003', 1, '1', '2022-11-14'),
(46, 'ID-6017016677', 'OBT00005', 1, '3', '2022-11-19'),
(49, 'ID-7475270244', 'OBT00001', 3, '3', '2022-11-21'),
(50, 'ID-7475270244', 'OBT00003', 1, '3', '2022-11-21'),
(51, 'ID-4881413072', 'OBT00001', 2, '1', '2022-12-01'),
(52, 'ID-4881413072', 'OBT00003', 2, '1', '2022-12-01'),
(53, 'ID-6095888586', 'OBT00001', 1, '1', '2023-03-13'),
(54, 'ID-6095888586', 'OBT00003', 1, '1', '2023-03-13'),
(55, 'ID-6095888586', 'OBT00005', 1, '1', '2023-03-13'),
(56, 'ID-0748870601', 'OBT00001', 1, '1', '2023-03-13'),
(57, 'ID-0748870601', 'OBT00004', 1, '1', '2023-03-13'),
(58, 'ID-0748870601', 'OBT00004', 1, '1', '2023-03-13'),
(59, 'ID-7444942891', 'OBT00003', 1, '1', '2023-04-24');

--
-- Triggers `tb_rekam_medis_detail2`
--
DELIMITER $$
CREATE TRIGGER `obat` AFTER INSERT ON `tb_rekam_medis_detail2` FOR EACH ROW BEGIN
update tb_obat
set stok=stok-NEW.jumlah
where kd_obat=NEW.kd_obat;
END
$$
DELIMITER ;

-- --------------------------------------------------------

--
-- Table structure for table `tb_rekam_medis_detail3`
--

CREATE TABLE `tb_rekam_medis_detail3` (
  `id` int(11) NOT NULL,
  `no_rm` varchar(30) NOT NULL,
  `bb` varchar(20) NOT NULL,
  `tb` varchar(20) NOT NULL,
  `lp` varchar(20) NOT NULL,
  `suhu` varchar(20) NOT NULL,
  `td` varchar(20) NOT NULL,
  `ao` varchar(5) NOT NULL,
  `kol` varchar(20) NOT NULL,
  `au` varchar(20) NOT NULL,
  `glu` varchar(20) NOT NULL,
  `hb` varchar(20) NOT NULL,
  `keluhan` varchar(100) NOT NULL,
  `status_pasien` varchar(200) NOT NULL
) ENGINE=InnoDB DEFAULT CHARSET=utf8mb4;

--
-- Dumping data for table `tb_rekam_medis_detail3`
--

INSERT INTO `tb_rekam_medis_detail3` (`id`, `no_rm`, `bb`, `tb`, `lp`, `suhu`, `td`, `ao`, `kol`, `au`, `glu`, `hb`, `keluhan`, `status_pasien`) VALUES
(1, 'ID-3511924695', '65', '175', '', '39', '90', 'T', '', '', '', '', 'Batuk,Flu,Demam', 'Pasien Baru'),
(2, 'ID-5536922403', '80', '175', '', '40', '90', 'T', '', '', '', '', 'Batuk,Flu,Demam', 'Pasien Baru'),
(4, 'ID-2711282031', '58', '157', '', '42', '89', 'T', '', '', '', '', 'Batuk,Flu,Demam', 'Pasien Lama'),
(5, 'ID-4731504978', '75', '179', '', '40', '90', 'T', '', '', '', '', 'Batuk,Flu,Demam', 'Pasien Baru'),
(6, 'ID-0402560222', '75', '179', '', '41', '99', 'T', '', '', '', '', 'Batuk,Flu,Pusing', 'Pasien Lama'),
(7, 'ID-8598369389', '80', '160', '', '39', '80', 'T', '', '', '', '', 'Batuk,Flu,Demam', 'Pasien Baru'),
(8, 'ID-0303302807', '76', '172', '', '40', '90', 'T', '', '', '', '', 'Flu,Nafas Sesak', 'Pasien Lama'),
(9, 'ID-8894236309', '40', '179', '', '40', '90', 'Tidak', '', '', '', '', 'Flu,Panas Tinggi', 'Pasien Baru'),
(10, 'ID-2351037144', '80', '178', '', '40', '90', 'Tidak', '', '', '', '', 'Batuk,Flu', 'Pasien Lama'),
(11, 'ID-0699613522', '75', '179', '', '42', '90', 'Tidak', '', '', '', '', 'Batuk,Flu,', 'Pasien Lama'),
(12, 'ID-3701467566', '75', '179', '', '40', '90', 'Tidak', '', '', '', '', 'Batuk,Flu,', 'Pasien Lama'),
(13, 'ID-8835065736', '75', '172', '', '40', '90', 'Tidak', '', '', '', '', 'Batuk,Flu,', 'Pasien Lama'),
(14, 'ID-4372413324', '58', '157', '', '41', '89', 'Tidak', '', '', '', '', 'Demam,', 'Pasien Lama'),
(17, 'ID-8124780801', '75', '157', '', '40', '90', 'Tidak', '', '', '', '', 'Batuk,Flu,', 'Pasien Baru'),
(18, 'ID-5593795976', '75', '179', '', '40', '90', 'Tidak', '', '', '', '', 'Batuk,Panas Tinggi', 'Pasien Lama'),
(19, 'ID-9464369485', '75', '179', '', '40', '90', 'Tidak', '', '', '', '', 'Batuk,Flu,Demam,', 'Pasien Lama'),
(20, 'ID-9599725721', '75', '178', '', '40', '90', 'Tidak', '', '', '', '', 'Batuk,Demam,Mual,', 'Pasien Lama'),
(21, 'ID-6017016677', '58', '163', '', '40', '90', 'Tidak', '', '', '', '', 'Flu,Nafas Sesak', 'Pasien Baru'),
(22, 'ID-7475270244', '75', '179', '', '40', '90', 'Tidak', '', '', '', '', 'Batuk,Flu,', 'Pasien Lama'),
(23, 'ID-4881413072', '75', '179', '', '42', '90', 'Tidak', '', '', '', '', 'Batuk,Flu,Nafas Sesak', 'Pasien Lama'),
(24, 'ID-6095888586', '75', '160', '', '40', '90', 'Tidak', '', '', '', '', 'Demam,Pusing,Mual,', 'Pasien Lama'),
(25, 'ID-0748870601', '75', '157', '', '41', '89', 'Tidak', '', '', '', '', 'Batuk,Flu,', 'Pasien Lama'),
(26, 'ID-7444942891', '75', '157', '', '40', '90', 'Tidak', '', '', '', '', 'Batuk,Flu,diare', 'Pasien Baru');

-- --------------------------------------------------------

--
-- Table structure for table `user_antrian`
--

CREATE TABLE `user_antrian` (
  `id_pasien` int(30) NOT NULL,
  `no_identitas` varchar(25) NOT NULL,
  `nama` varchar(50) NOT NULL,
  `telepone` varchar(50) NOT NULL,
  `username` varchar(50) NOT NULL,
  `password` varchar(35) NOT NULL,
  `created_ad` datetime NOT NULL,
  `status_` int(11) NOT NULL
) ENGINE=InnoDB DEFAULT CHARSET=utf8mb4;

--
-- Dumping data for table `user_antrian`
--

INSERT INTO `user_antrian` (`id_pasien`, `no_identitas`, `nama`, `telepone`, `username`, `password`, `created_ad`, `status_`) VALUES
(1, '13765643', 'Ryan', '082345678908', 'ryan1', 'ryan', '2022-09-20 20:06:15', 1),
(2, '13234532', 'Rani', '082543234567', 'rani', 'rani321', '2022-09-20 20:08:33', 1),
(3, '14321678', 'Faris', '087656789876', 'faris', 'faris111', '2022-09-20 20:11:01', 1),
(4, '14678764', 'Farhan', '082315679067', 'farhan', 'farhan99', '2022-09-26 00:36:44', 1),
(5, '15432790', 'Roza', '082346543125', 'roza321', 'roza123', '2022-09-26 00:37:45', 1),
(6, '14326732', 'Budi', '082234567855', 'budi21', 'budi12', '2022-10-17 02:09:38', 1),
(7, '13453478', 'Riko', '082345322178', 'riko', 'riko432', '2022-11-19 15:29:22', 1);

-- --------------------------------------------------------

--
-- Stand-in structure for view `view_beliobat`
-- (See below for the actual view)
--
CREATE TABLE `view_beliobat` (
`id` int(11)
,`kd_obat` varchar(10)
,`nm_obat` varchar(300)
,`satuan` varchar(20)
,`isi` int(11)
,`jumlah` int(11)
);

-- --------------------------------------------------------

--
-- Stand-in structure for view `view_rm`
-- (See below for the actual view)
--
CREATE TABLE `view_rm` (
`no_rm` varchar(30)
,`tgl_pemeriksaan` date
,`no_pasien` varchar(20)
,`nm_pasien` varchar(300)
,`tgl_lhr` date
,`pekerjaan` varchar(100)
,`agama` varchar(100)
,`alamat` varchar(300)
,`tb` varchar(20)
,`bb` varchar(20)
,`lp` varchar(20)
,`suhu` varchar(20)
,`td` varchar(20)
,`ao` varchar(5)
,`kol` varchar(20)
,`au` varchar(20)
,`glu` varchar(20)
,`hb` varchar(20)
,`keluhan` varchar(100)
,`diagnosa` varchar(300)
,`ket` text
,`nm_dokter` varchar(300)
);

-- --------------------------------------------------------

--
-- Structure for view `view_beliobat`
--
DROP TABLE IF EXISTS `view_beliobat`;

CREATE ALGORITHM=UNDEFINED DEFINER=`root`@`localhost` SQL SECURITY DEFINER VIEW `view_beliobat`  AS SELECT `tb_pembelian_detail`.`id` AS `id`, `tb_pembelian_detail`.`kd_obat` AS `kd_obat`, `tb_obat`.`nm_obat` AS `nm_obat`, `tb_obat`.`satuan` AS `satuan`, `tb_obat`.`isi` AS `isi`, `tb_pembelian_detail`.`jumlah` AS `jumlah` FROM (`tb_pembelian_detail` join `tb_obat`) WHERE `tb_pembelian_detail`.`kd_obat` = convert(`tb_obat`.`kd_obat` using utf8mb4) ;

-- --------------------------------------------------------

--
-- Structure for view `view_rm`
--
DROP TABLE IF EXISTS `view_rm`;

CREATE ALGORITHM=UNDEFINED DEFINER=`root`@`localhost` SQL SECURITY DEFINER VIEW `view_rm`  AS SELECT `tb_rekam_medis`.`no_rm` AS `no_rm`, `tb_rekam_medis`.`tgl_pemeriksaan` AS `tgl_pemeriksaan`, `tb_pasien`.`no_pasien` AS `no_pasien`, `tb_pasien`.`nm_pasien` AS `nm_pasien`, `tb_pasien`.`tgl_lhr` AS `tgl_lhr`, `tb_pasien`.`pekerjaan` AS `pekerjaan`, `tb_pasien`.`agama` AS `agama`, `tb_pasien`.`alamat` AS `alamat`, `tb_rekam_medis_detail3`.`tb` AS `tb`, `tb_rekam_medis_detail3`.`bb` AS `bb`, `tb_rekam_medis_detail3`.`lp` AS `lp`, `tb_rekam_medis_detail3`.`suhu` AS `suhu`, `tb_rekam_medis_detail3`.`td` AS `td`, `tb_rekam_medis_detail3`.`ao` AS `ao`, `tb_rekam_medis_detail3`.`kol` AS `kol`, `tb_rekam_medis_detail3`.`au` AS `au`, `tb_rekam_medis_detail3`.`glu` AS `glu`, `tb_rekam_medis_detail3`.`hb` AS `hb`, `tb_rekam_medis_detail3`.`keluhan` AS `keluhan`, `tb_rekam_medis`.`diagnosa` AS `diagnosa`, `tb_rekam_medis`.`ket` AS `ket`, `tb_dokter`.`nm_dokter` AS `nm_dokter` FROM (((((`tb_pasien` join `tb_obat`) join `tb_rekam_medis`) join `tb_rekam_medis_detail2`) join `tb_rekam_medis_detail3`) join `tb_dokter`) WHERE `tb_pasien`.`no_pasien` = `tb_rekam_medis`.`no_pasien` AND `tb_rekam_medis_detail2`.`no_rm` = convert(`tb_rekam_medis`.`no_rm` using utf8mb4) AND `tb_rekam_medis_detail3`.`no_rm` = convert(`tb_rekam_medis`.`no_rm` using utf8mb4) AND `tb_dokter`.`kd_dokter` = `tb_rekam_medis`.`kd_dokter` GROUP BY `tb_rekam_medis`.`no_rm` ;

--
-- Indexes for dumped tables
--

--
-- Indexes for table `rekapitulasi_transaksi`
--
ALTER TABLE `rekapitulasi_transaksi`
  ADD PRIMARY KEY (`id`);

--
-- Indexes for table `tb_antrian`
--
ALTER TABLE `tb_antrian`
  ADD PRIMARY KEY (`id`);

--
-- Indexes for table `tb_diagnosa`
--
ALTER TABLE `tb_diagnosa`
  ADD PRIMARY KEY (`id`);

--
-- Indexes for table `tb_obat`
--
ALTER TABLE `tb_obat`
  ADD PRIMARY KEY (`kd_obat`);

--
-- Indexes for table `tb_pembelian_detail`
--
ALTER TABLE `tb_pembelian_detail`
  ADD PRIMARY KEY (`id`);

--
-- Indexes for table `tb_pengeluaran`
--
ALTER TABLE `tb_pengeluaran`
  ADD PRIMARY KEY (`id`);

--
-- Indexes for table `tb_pengeluaran_detail`
--
ALTER TABLE `tb_pengeluaran_detail`
  ADD PRIMARY KEY (`id`);

--
-- Indexes for table `tb_pengguna`
--
ALTER TABLE `tb_pengguna`
  ADD PRIMARY KEY (`id`);

--
-- Indexes for table `tb_rekam_medis`
--
ALTER TABLE `tb_rekam_medis`
  ADD PRIMARY KEY (`id`);

--
-- Indexes for table `tb_rekam_medis_detail2`
--
ALTER TABLE `tb_rekam_medis_detail2`
  ADD PRIMARY KEY (`id`);

--
-- Indexes for table `tb_rekam_medis_detail3`
--
ALTER TABLE `tb_rekam_medis_detail3`
  ADD PRIMARY KEY (`id`);

--
-- Indexes for table `user_antrian`
--
ALTER TABLE `user_antrian`
  ADD PRIMARY KEY (`id_pasien`);

--
-- AUTO_INCREMENT for dumped tables
--

--
-- AUTO_INCREMENT for table `rekapitulasi_transaksi`
--
ALTER TABLE `rekapitulasi_transaksi`
  MODIFY `id` int(11) NOT NULL AUTO_INCREMENT, AUTO_INCREMENT=26;

--
-- AUTO_INCREMENT for table `tb_antrian`
--
ALTER TABLE `tb_antrian`
  MODIFY `id` int(11) NOT NULL AUTO_INCREMENT, AUTO_INCREMENT=77;

--
-- AUTO_INCREMENT for table `tb_diagnosa`
--
ALTER TABLE `tb_diagnosa`
  MODIFY `id` int(50) NOT NULL AUTO_INCREMENT, AUTO_INCREMENT=1861;

--
-- AUTO_INCREMENT for table `tb_pembelian_detail`
--
ALTER TABLE `tb_pembelian_detail`
  MODIFY `id` int(11) NOT NULL AUTO_INCREMENT, AUTO_INCREMENT=11;

--
-- AUTO_INCREMENT for table `tb_pengeluaran`
--
ALTER TABLE `tb_pengeluaran`
  MODIFY `id` int(11) NOT NULL AUTO_INCREMENT, AUTO_INCREMENT=7;

--
-- AUTO_INCREMENT for table `tb_pengeluaran_detail`
--
ALTER TABLE `tb_pengeluaran_detail`
  MODIFY `id` int(11) NOT NULL AUTO_INCREMENT, AUTO_INCREMENT=5;

--
-- AUTO_INCREMENT for table `tb_pengguna`
--
ALTER TABLE `tb_pengguna`
  MODIFY `id` int(11) NOT NULL AUTO_INCREMENT, AUTO_INCREMENT=14;

--
-- AUTO_INCREMENT for table `tb_rekam_medis`
--
ALTER TABLE `tb_rekam_medis`
  MODIFY `id` int(11) NOT NULL AUTO_INCREMENT, AUTO_INCREMENT=33;

--
-- AUTO_INCREMENT for table `tb_rekam_medis_detail2`
--
ALTER TABLE `tb_rekam_medis_detail2`
  MODIFY `id` int(11) NOT NULL AUTO_INCREMENT, AUTO_INCREMENT=60;

--
-- AUTO_INCREMENT for table `tb_rekam_medis_detail3`
--
ALTER TABLE `tb_rekam_medis_detail3`
  MODIFY `id` int(11) NOT NULL AUTO_INCREMENT, AUTO_INCREMENT=27;

--
-- AUTO_INCREMENT for table `user_antrian`
--
ALTER TABLE `user_antrian`
  MODIFY `id_pasien` int(30) NOT NULL AUTO_INCREMENT, AUTO_INCREMENT=12;
COMMIT;

/*!40101 SET CHARACTER_SET_CLIENT=@OLD_CHARACTER_SET_CLIENT */;
/*!40101 SET CHARACTER_SET_RESULTS=@OLD_CHARACTER_SET_RESULTS */;
/*!40101 SET COLLATION_CONNECTION=@OLD_COLLATION_CONNECTION */;
